3.231123685836792,[::ffff:1.245.179.140]:40628,reno,10
3.2383596897125244,[::ffff:1.245.179.140]:40628,reno,10
3.2437164783477783,[::ffff:1.245.179.140]:40628,reno,20
3.2489335536956787,[::ffff:1.245.179.140]:40628,reno,20
3.2543861865997314,[::ffff:1.245.179.140]:40628,reno,40
3.259770154953003,[::ffff:1.245.179.140]:40628,reno,55
3.2652511596679688,[::ffff:1.245.179.140]:40628,reno,76
3.2705557346343994,[::ffff:1.245.179.140]:40628,reno,76
3.275770664215088,[::ffff:1.245.179.140]:40628,reno,76
3.2811245918273926,[::ffff:1.245.179.140]:40628,reno,76
3.2864999771118164,[::ffff:1.245.179.140]:40628,reno,76
3.2922286987304688,[::ffff:1.245.179.140]:40628,reno,152
3.2975025177001953,[::ffff:1.245.179.140]:40628,reno,152
3.3029613494873047,[::ffff:1.245.179.140]:40628,reno,198
3.3083999156951904,[::ffff:1.245.179.140]:40628,reno,237
3.3139078617095947,[::ffff:1.245.179.140]:40628,reno,285
3.3192193508148193,[::ffff:1.245.179.140]:40628,reno,315
3.3248908519744873,[::ffff:1.245.179.140]:40628,reno,361
3.330393075942993,[::ffff:1.245.179.140]:40628,reno,408
3.335878372192383,[::ffff:1.245.179.140]:40628,reno,434
3.341269016265869,[::ffff:1.245.179.140]:40628,reno,432
3.3466873168945312,[::ffff:1.245.179.140]:40628,reno,406
3.3521006107330322,[::ffff:1.245.179.140]:40628,reno,338
3.3576035499572754,[::ffff:1.245.179.140]:40628,reno,272
3.3631386756896973,[::ffff:1.245.179.140]:40628,reno,241
3.3687589168548584,[::ffff:1.245.179.140]:40628,reno,197
3.374197244644165,[::ffff:1.245.179.140]:40628,reno,232
3.379849433898926,[::ffff:1.245.179.140]:40628,reno,242
3.3854308128356934,[::ffff:1.245.179.140]:40628,reno,242
3.3908631801605225,[::ffff:1.245.179.140]:40628,reno,242
3.3963823318481445,[::ffff:1.245.179.140]:40628,reno,240
3.4019107818603516,[::ffff:1.245.179.140]:40628,reno,242
3.4078009128570557,[::ffff:1.245.179.140]:40628,reno,203
3.4134840965270996,[::ffff:1.245.179.140]:40628,reno,187
3.4191489219665527,[::ffff:1.245.179.140]:40628,reno,162
3.4246089458465576,[::ffff:1.245.179.140]:40628,reno,148
3.4300947189331055,[::ffff:1.245.179.140]:40628,reno,124
3.4356017112731934,[::ffff:1.245.179.140]:40628,reno,121
3.441018581390381,[::ffff:1.245.179.140]:40628,reno,121
3.446465015411377,[::ffff:1.245.179.140]:40628,reno,121
3.4518072605133057,[::ffff:1.245.179.140]:40628,reno,121
3.4576609134674072,[::ffff:1.245.179.140]:40628,reno,122
3.4630134105682373,[::ffff:1.245.179.140]:40628,reno,122
3.4683523178100586,[::ffff:1.245.179.140]:40628,reno,122
3.473667860031128,[::ffff:1.245.179.140]:40628,reno,123
3.479067325592041,[::ffff:1.245.179.140]:40628,reno,123
3.48453950881958,[::ffff:1.245.179.140]:40628,reno,123
3.489896297454834,[::ffff:1.245.179.140]:40628,reno,124
3.495493173599243,[::ffff:1.245.179.140]:40628,reno,124
3.500959634780884,[::ffff:1.245.179.140]:40628,reno,124
3.506288528442383,[::ffff:1.245.179.140]:40628,reno,124
3.51171875,[::ffff:1.245.179.140]:40628,reno,125
3.517115354537964,[::ffff:1.245.179.140]:40628,reno,125
3.522425889968872,[::ffff:1.245.179.140]:40628,reno,125
3.5278310775756836,[::ffff:1.245.179.140]:40628,reno,126
3.5332565307617188,[::ffff:1.245.179.140]:40628,reno,126
3.538693428039551,[::ffff:1.245.179.140]:40628,reno,126
3.544175863265991,[::ffff:1.245.179.140]:40628,reno,127
3.5497546195983887,[::ffff:1.245.179.140]:40628,reno,127
3.5552866458892822,[::ffff:1.245.179.140]:40628,reno,127
3.560692310333252,[::ffff:1.245.179.140]:40628,reno,128
3.5660316944122314,[::ffff:1.245.179.140]:40628,reno,128
3.571509838104248,[::ffff:1.245.179.140]:40628,reno,128
3.576852560043335,[::ffff:1.245.179.140]:40628,reno,129
3.582551956176758,[::ffff:1.245.179.140]:40628,reno,129
3.5879602432250977,[::ffff:1.245.179.140]:40628,reno,129
3.5933523178100586,[::ffff:1.245.179.140]:40628,reno,129
3.598790407180786,[::ffff:1.245.179.140]:40628,reno,130
3.6041321754455566,[::ffff:1.245.179.140]:40628,reno,130
3.6096553802490234,[::ffff:1.245.179.140]:40628,reno,130
3.614978551864624,[::ffff:1.245.179.140]:40628,reno,131
3.6203365325927734,[::ffff:1.245.179.140]:40628,reno,131
3.6256442070007324,[::ffff:1.245.179.140]:40628,reno,131
3.631028175354004,[::ffff:1.245.179.140]:40628,reno,132
3.6377975940704346,[::ffff:1.245.179.140]:40628,reno,132
3.6432414054870605,[::ffff:1.245.179.140]:40628,reno,132
3.6487979888916016,[::ffff:1.245.179.140]:40628,reno,132
3.654273509979248,[::ffff:1.245.179.140]:40628,reno,133
3.6597280502319336,[::ffff:1.245.179.140]:40628,reno,133
3.665088653564453,[::ffff:1.245.179.140]:40628,reno,133
3.6705307960510254,[::ffff:1.245.179.140]:40628,reno,134
3.676013946533203,[::ffff:1.245.179.140]:40628,reno,134
3.6814522743225098,[::ffff:1.245.179.140]:40628,reno,134
3.687000274658203,[::ffff:1.245.179.140]:40628,reno,134
3.6926488876342773,[::ffff:1.245.179.140]:40628,reno,135
3.698075532913208,[::ffff:1.245.179.140]:40628,reno,135
3.703531503677368,[::ffff:1.245.179.140]:40628,reno,135
3.709313154220581,[::ffff:1.245.179.140]:40628,reno,136
3.7149388790130615,[::ffff:1.245.179.140]:40628,reno,136
3.7202751636505127,[::ffff:1.245.179.140]:40628,reno,136
3.725672721862793,[::ffff:1.245.179.140]:40628,reno,137
3.731170654296875,[::ffff:1.245.179.140]:40628,reno,137
3.736737012863159,[::ffff:1.245.179.140]:40628,reno,137
3.7422876358032227,[::ffff:1.245.179.140]:40628,reno,138
3.7477071285247803,[::ffff:1.245.179.140]:40628,reno,138
3.7530980110168457,[::ffff:1.245.179.140]:40628,reno,138
3.7584385871887207,[::ffff:1.245.179.140]:40628,reno,138
3.7638797760009766,[::ffff:1.245.179.140]:40628,reno,139
3.769308090209961,[::ffff:1.245.179.140]:40628,reno,139
3.774707078933716,[::ffff:1.245.179.140]:40628,reno,139
3.780221939086914,[::ffff:1.245.179.140]:40628,reno,140
3.7857747077941895,[::ffff:1.245.179.140]:40628,reno,140
3.7911062240600586,[::ffff:1.245.179.140]:40628,reno,140
3.796534776687622,[::ffff:1.245.179.140]:40628,reno,140
3.80197811126709,[::ffff:1.245.179.140]:40628,reno,141
3.8074731826782227,[::ffff:1.245.179.140]:40628,reno,141
3.812812089920044,[::ffff:1.245.179.140]:40628,reno,141
3.8181028366088867,[::ffff:1.245.179.140]:40628,reno,141
3.823495388031006,[::ffff:1.245.179.140]:40628,reno,142
3.829190969467163,[::ffff:1.245.179.140]:40628,reno,142
3.8347156047821045,[::ffff:1.245.179.140]:40628,reno,142
3.8403191566467285,[::ffff:1.245.179.140]:40628,reno,143
3.845715045928955,[::ffff:1.245.179.140]:40628,reno,143
3.851166248321533,[::ffff:1.245.179.140]:40628,reno,143
3.856581926345825,[::ffff:1.245.179.140]:40628,reno,143
3.862011194229126,[::ffff:1.245.179.140]:40628,reno,144
3.8674466609954834,[::ffff:1.245.179.140]:40628,reno,144
3.872925281524658,[::ffff:1.245.179.140]:40628,reno,144
3.878331184387207,[::ffff:1.245.179.140]:40628,reno,144
3.8837385177612305,[::ffff:1.245.179.140]:40628,reno,145
3.889165163040161,[::ffff:1.245.179.140]:40628,reno,145
3.8948094844818115,[::ffff:1.245.179.140]:40628,reno,145
3.900118589401245,[::ffff:1.245.179.140]:40628,reno,145
3.9055490493774414,[::ffff:1.245.179.140]:40628,reno,146
3.91085147857666,[::ffff:1.245.179.140]:40628,reno,146
3.9163336753845215,[::ffff:1.245.179.140]:40628,reno,146
3.921802282333374,[::ffff:1.245.179.140]:40628,reno,147
3.9271812438964844,[::ffff:1.245.179.140]:40628,reno,147
3.933048725128174,[::ffff:1.245.179.140]:40628,reno,147
3.938366651535034,[::ffff:1.245.179.140]:40628,reno,147
3.9438211917877197,[::ffff:1.245.179.140]:40628,reno,148
3.9491615295410156,[::ffff:1.245.179.140]:40628,reno,148
3.9545230865478516,[::ffff:1.245.179.140]:40628,reno,148
3.9601762294769287,[::ffff:1.245.179.140]:40628,reno,149
3.965566873550415,[::ffff:1.245.179.140]:40628,reno,149
3.970966100692749,[::ffff:1.245.179.140]:40628,reno,149
3.9763622283935547,[::ffff:1.245.179.140]:40628,reno,149
3.9818873405456543,[::ffff:1.245.179.140]:40628,reno,150
3.987300157546997,[::ffff:1.245.179.140]:40628,reno,150
3.9927988052368164,[::ffff:1.245.179.140]:40628,reno,150
3.998180866241455,[::ffff:1.245.179.140]:40628,reno,150
4.003780364990234,[::ffff:1.245.179.140]:40628,reno,151
4.0091142654418945,[::ffff:1.245.179.140]:40628,reno,151
4.014492034912109,[::ffff:1.245.179.140]:40628,reno,151
4.020121335983276,[::ffff:1.245.179.140]:40628,reno,151
4.025521755218506,[::ffff:1.245.179.140]:40628,reno,152
4.03094482421875,[::ffff:1.245.179.140]:40628,reno,152
4.036390781402588,[::ffff:1.245.179.140]:40628,reno,152
4.041812181472778,[::ffff:1.245.179.140]:40628,reno,152
4.047192811965942,[::ffff:1.245.179.140]:40628,reno,153
4.0525572299957275,[::ffff:1.245.179.140]:40628,reno,153
4.057965517044067,[::ffff:1.245.179.140]:40628,reno,153
4.063511371612549,[::ffff:1.245.179.140]:40628,reno,153
4.068962812423706,[::ffff:1.245.179.140]:40628,reno,154
4.0743408203125,[::ffff:1.245.179.140]:40628,reno,154
4.079757452011108,[::ffff:1.245.179.140]:40628,reno,154
4.085507869720459,[::ffff:1.245.179.140]:40628,reno,155
4.091094255447388,[::ffff:1.245.179.140]:40628,reno,155
4.096519470214844,[::ffff:1.245.179.140]:40628,reno,155
4.10202169418335,[::ffff:1.245.179.140]:40628,reno,155
4.107574462890625,[::ffff:1.245.179.140]:40628,reno,156
4.113037586212158,[::ffff:1.245.179.140]:40628,reno,156
4.118411302566528,[::ffff:1.245.179.140]:40628,reno,156
4.123849868774414,[::ffff:1.245.179.140]:40628,reno,156
4.129192113876343,[::ffff:1.245.179.140]:40628,reno,156
4.134636402130127,[::ffff:1.245.179.140]:40628,reno,157
4.140125513076782,[::ffff:1.245.179.140]:40628,reno,157
4.145508527755737,[::ffff:1.245.179.140]:40628,reno,157
4.150891304016113,[::ffff:1.245.179.140]:40628,reno,158
4.156331300735474,[::ffff:1.245.179.140]:40628,reno,158
4.1617271900177,[::ffff:1.245.179.140]:40628,reno,158
4.167147159576416,[::ffff:1.245.179.140]:40628,reno,158
4.172560691833496,[::ffff:1.245.179.140]:40628,reno,158
4.177914381027222,[::ffff:1.245.179.140]:40628,reno,159
4.18331503868103,[::ffff:1.245.179.140]:40628,reno,159
4.188898086547852,[::ffff:1.245.179.140]:40628,reno,159
4.194202899932861,[::ffff:1.245.179.140]:40628,reno,159
4.199737310409546,[::ffff:1.245.179.140]:40628,reno,160
4.205130338668823,[::ffff:1.245.179.140]:40628,reno,160
4.211046457290649,[::ffff:1.245.179.140]:40628,reno,160
4.216392993927002,[::ffff:1.245.179.140]:40628,reno,160
4.22209620475769,[::ffff:1.245.179.140]:40628,reno,161
4.227528810501099,[::ffff:1.245.179.140]:40628,reno,161
4.233011960983276,[::ffff:1.245.179.140]:40628,reno,161
4.238457441329956,[::ffff:1.245.179.140]:40628,reno,161
4.244046211242676,[::ffff:1.245.179.140]:40628,reno,162
4.249598979949951,[::ffff:1.245.179.140]:40628,reno,162
4.255136251449585,[::ffff:1.245.179.140]:40628,reno,162
4.2605626583099365,[::ffff:1.245.179.140]:40628,reno,162
4.265936851501465,[::ffff:1.245.179.140]:40628,reno,163
4.271465301513672,[::ffff:1.245.179.140]:40628,reno,163
4.276928663253784,[::ffff:1.245.179.140]:40628,reno,163
4.282415390014648,[::ffff:1.245.179.140]:40628,reno,163
4.287844657897949,[::ffff:1.245.179.140]:40628,reno,164
4.29329776763916,[::ffff:1.245.179.140]:40628,reno,164
4.298873662948608,[::ffff:1.245.179.140]:40628,reno,164
4.304121732711792,[::ffff:1.245.179.140]:40628,reno,164
4.3095269203186035,[::ffff:1.245.179.140]:40628,reno,164
4.314927816390991,[::ffff:1.245.179.140]:40628,reno,165
4.320188760757446,[::ffff:1.245.179.140]:40628,reno,165
4.325526714324951,[::ffff:1.245.179.140]:40628,reno,165
4.330901861190796,[::ffff:1.245.179.140]:40628,reno,165
4.336467266082764,[::ffff:1.245.179.140]:40628,reno,166
4.341788053512573,[::ffff:1.245.179.140]:40628,reno,166
4.347101926803589,[::ffff:1.245.179.140]:40628,reno,166
4.352556228637695,[::ffff:1.245.179.140]:40628,reno,166
4.357927322387695,[::ffff:1.245.179.140]:40628,reno,167
4.363292694091797,[::ffff:1.245.179.140]:40628,reno,167
4.3688178062438965,[::ffff:1.245.179.140]:40628,reno,167
4.374577045440674,[::ffff:1.245.179.140]:40628,reno,167
4.3801257610321045,[::ffff:1.245.179.140]:40628,reno,168
4.385609149932861,[::ffff:1.245.179.140]:40628,reno,168
4.3911590576171875,[::ffff:1.245.179.140]:40628,reno,168
4.3967509269714355,[::ffff:1.245.179.140]:40628,reno,168
4.402141809463501,[::ffff:1.245.179.140]:40628,reno,168
4.407657146453857,[::ffff:1.245.179.140]:40628,reno,169
4.4129860401153564,[::ffff:1.245.179.140]:40628,reno,169
4.418351411819458,[::ffff:1.245.179.140]:40628,reno,169
4.423594236373901,[::ffff:1.245.179.140]:40628,reno,169
4.428946256637573,[::ffff:1.245.179.140]:40628,reno,170
4.434230089187622,[::ffff:1.245.179.140]:40628,reno,170
4.439589977264404,[::ffff:1.245.179.140]:40628,reno,170
4.444984197616577,[::ffff:1.245.179.140]:40628,reno,170
4.450359344482422,[::ffff:1.245.179.140]:40628,reno,171
4.45560359954834,[::ffff:1.245.179.140]:40628,reno,171
4.46126389503479,[::ffff:1.245.179.140]:40628,reno,171
4.466588020324707,[::ffff:1.245.179.140]:40628,reno,171
4.471903085708618,[::ffff:1.245.179.140]:40628,reno,172
4.477144241333008,[::ffff:1.245.179.140]:40628,reno,172
4.482533931732178,[::ffff:1.245.179.140]:40628,reno,172
4.487915515899658,[::ffff:1.245.179.140]:40628,reno,172
4.493179082870483,[::ffff:1.245.179.140]:40628,reno,172
4.498575448989868,[::ffff:1.245.179.140]:40628,reno,173
4.50395131111145,[::ffff:1.245.179.140]:40628,reno,173
4.50930380821228,[::ffff:1.245.179.140]:40628,reno,173
4.514625787734985,[::ffff:1.245.179.140]:40628,reno,173
4.519970417022705,[::ffff:1.245.179.140]:40628,reno,174
4.5253496170043945,[::ffff:1.245.179.140]:40628,reno,174
4.530687093734741,[::ffff:1.245.179.140]:40628,reno,174
4.536033630371094,[::ffff:1.245.179.140]:40628,reno,174
4.541409492492676,[::ffff:1.245.179.140]:40628,reno,174
4.54703950881958,[::ffff:1.245.179.140]:40628,reno,175
4.552502155303955,[::ffff:1.245.179.140]:40628,reno,175
4.557862043380737,[::ffff:1.245.179.140]:40628,reno,175
4.563241958618164,[::ffff:1.245.179.140]:40628,reno,175
4.568732976913452,[::ffff:1.245.179.140]:40628,reno,176
4.5740978717803955,[::ffff:1.245.179.140]:40628,reno,176
4.579513072967529,[::ffff:1.245.179.140]:40628,reno,176
4.584930658340454,[::ffff:1.245.179.140]:40628,reno,176
4.590383768081665,[::ffff:1.245.179.140]:40628,reno,176
4.59583306312561,[::ffff:1.245.179.140]:40628,reno,177
4.601139545440674,[::ffff:1.245.179.140]:40628,reno,177
4.606581687927246,[::ffff:1.245.179.140]:40628,reno,177
4.612165689468384,[::ffff:1.245.179.140]:40628,reno,177
4.6175947189331055,[::ffff:1.245.179.140]:40628,reno,177
4.62296986579895,[::ffff:1.245.179.140]:40628,reno,178
4.6281914710998535,[::ffff:1.245.179.140]:40628,reno,178
4.6337971687316895,[::ffff:1.245.179.140]:40628,reno,178
4.639186143875122,[::ffff:1.245.179.140]:40628,reno,178
4.644575595855713,[::ffff:1.245.179.140]:40628,reno,179
4.649859666824341,[::ffff:1.245.179.140]:40628,reno,179
4.655184507369995,[::ffff:1.245.179.140]:40628,reno,179
4.66055703163147,[::ffff:1.245.179.140]:40628,reno,179
4.665954351425171,[::ffff:1.245.179.140]:40628,reno,180
4.6712987422943115,[::ffff:1.245.179.140]:40628,reno,180
4.676759243011475,[::ffff:1.245.179.140]:40628,reno,180
4.682090997695923,[::ffff:1.245.179.140]:40628,reno,180
4.687480449676514,[::ffff:1.245.179.140]:40628,reno,180
4.692854404449463,[::ffff:1.245.179.140]:40628,reno,181
4.698270320892334,[::ffff:1.245.179.140]:40628,reno,181
4.7035839557647705,[::ffff:1.245.179.140]:40628,reno,181
4.708906173706055,[::ffff:1.245.179.140]:40628,reno,181
4.714646816253662,[::ffff:1.245.179.140]:40628,reno,181
4.7200400829315186,[::ffff:1.245.179.140]:40628,reno,182
4.725403070449829,[::ffff:1.245.179.140]:40628,reno,182
4.730726480484009,[::ffff:1.245.179.140]:40628,reno,182
4.73619532585144,[::ffff:1.245.179.140]:40628,reno,182
4.741562604904175,[::ffff:1.245.179.140]:40628,reno,182
4.746939182281494,[::ffff:1.245.179.140]:40628,reno,183
4.752382755279541,[::ffff:1.245.179.140]:40628,reno,183
4.757747173309326,[::ffff:1.245.179.140]:40628,reno,183
4.763098478317261,[::ffff:1.245.179.140]:40628,reno,183
4.768422603607178,[::ffff:1.245.179.140]:40628,reno,184
4.773771524429321,[::ffff:1.245.179.140]:40628,reno,184
4.7791759967803955,[::ffff:1.245.179.140]:40628,reno,184
4.784551620483398,[::ffff:1.245.179.140]:40628,reno,184
4.789858818054199,[::ffff:1.245.179.140]:40628,reno,184
4.795215368270874,[::ffff:1.245.179.140]:40628,reno,185
4.800586700439453,[::ffff:1.245.179.140]:40628,reno,185
4.805970668792725,[::ffff:1.245.179.140]:40628,reno,185
4.811631441116333,[::ffff:1.245.179.140]:40628,reno,185
4.8171303272247314,[::ffff:1.245.179.140]:40628,reno,186
4.822503566741943,[::ffff:1.245.179.140]:40628,reno,186
4.827969551086426,[::ffff:1.245.179.140]:40628,reno,186
4.8332414627075195,[::ffff:1.245.179.140]:40628,reno,186
4.838852167129517,[::ffff:1.245.179.140]:40628,reno,186
4.844416379928589,[::ffff:1.245.179.140]:40628,reno,187
4.849871635437012,[::ffff:1.245.179.140]:40628,reno,187
4.8554112911224365,[::ffff:1.245.179.140]:40628,reno,187
4.8608880043029785,[::ffff:1.245.179.140]:40628,reno,187
4.866179466247559,[::ffff:1.245.179.140]:40628,reno,187
4.871592044830322,[::ffff:1.245.179.140]:40628,reno,188
4.876855850219727,[::ffff:1.245.179.140]:40628,reno,188
4.882331848144531,[::ffff:1.245.179.140]:40628,reno,188
4.887840986251831,[::ffff:1.245.179.140]:40628,reno,188
4.893168687820435,[::ffff:1.245.179.140]:40628,reno,188
4.898608684539795,[::ffff:1.245.179.140]:40628,reno,189
4.903946876525879,[::ffff:1.245.179.140]:40628,reno,189
4.909391641616821,[::ffff:1.245.179.140]:40628,reno,189
4.914941072463989,[::ffff:1.245.179.140]:40628,reno,189
4.920466899871826,[::ffff:1.245.179.140]:40628,reno,189
4.925830841064453,[::ffff:1.245.179.140]:40628,reno,190
4.931519985198975,[::ffff:1.245.179.140]:40628,reno,190
4.936953067779541,[::ffff:1.245.179.140]:40628,reno,190
4.942378044128418,[::ffff:1.245.179.140]:40628,reno,190
4.9477550983428955,[::ffff:1.245.179.140]:40628,reno,190
4.953136682510376,[::ffff:1.245.179.140]:40628,reno,191
4.958567380905151,[::ffff:1.245.179.140]:40628,reno,191
4.9643332958221436,[::ffff:1.245.179.140]:40628,reno,191
4.969787359237671,[::ffff:1.245.179.140]:40628,reno,191
4.975233793258667,[::ffff:1.245.179.140]:40628,reno,192
4.98075270652771,[::ffff:1.245.179.140]:40628,reno,192
4.98617696762085,[::ffff:1.245.179.140]:40628,reno,192
4.991713285446167,[::ffff:1.245.179.140]:40628,reno,192
4.997147083282471,[::ffff:1.245.179.140]:40628,reno,192
5.002656698226929,[::ffff:1.245.179.140]:40628,reno,193
5.008102178573608,[::ffff:1.245.179.140]:40628,reno,193
5.013368606567383,[::ffff:1.245.179.140]:40628,reno,193
5.018729209899902,[::ffff:1.245.179.140]:40628,reno,193
5.02426290512085,[::ffff:1.245.179.140]:40628,reno,193
5.029786586761475,[::ffff:1.245.179.140]:40628,reno,194
5.035307884216309,[::ffff:1.245.179.140]:40628,reno,194
5.04072642326355,[::ffff:1.245.179.140]:40628,reno,194
5.046102523803711,[::ffff:1.245.179.140]:40628,reno,194
5.051642656326294,[::ffff:1.245.179.140]:40628,reno,194
5.05702018737793,[::ffff:1.245.179.140]:40628,reno,195
5.062529563903809,[::ffff:1.245.179.140]:40628,reno,195
5.068075895309448,[::ffff:1.245.179.140]:40628,reno,195
5.073474168777466,[::ffff:1.245.179.140]:40628,reno,195
5.078824520111084,[::ffff:1.245.179.140]:40628,reno,195
5.084222793579102,[::ffff:1.245.179.140]:40628,reno,196
5.089996576309204,[::ffff:1.245.179.140]:40628,reno,196
5.095438480377197,[::ffff:1.245.179.140]:40628,reno,196
5.100842237472534,[::ffff:1.245.179.140]:40628,reno,196
5.1061718463897705,[::ffff:1.245.179.140]:40628,reno,196
5.111584186553955,[::ffff:1.245.179.140]:40628,reno,197
5.116929054260254,[::ffff:1.245.179.140]:40628,reno,197
5.122280836105347,[::ffff:1.245.179.140]:40628,reno,197
5.127715587615967,[::ffff:1.245.179.140]:40628,reno,197
5.133089065551758,[::ffff:1.245.179.140]:40628,reno,197
5.138573408126831,[::ffff:1.245.179.140]:40628,reno,198
5.144204139709473,[::ffff:1.245.179.140]:40628,reno,198
5.149627923965454,[::ffff:1.245.179.140]:40628,reno,198
5.155036449432373,[::ffff:1.245.179.140]:40628,reno,198
5.160390853881836,[::ffff:1.245.179.140]:40628,reno,198
5.166053056716919,[::ffff:1.245.179.140]:40628,reno,199
5.171553134918213,[::ffff:1.245.179.140]:40628,reno,199
5.176942586898804,[::ffff:1.245.179.140]:40628,reno,199
5.182244539260864,[::ffff:1.245.179.140]:40628,reno,199
5.187642335891724,[::ffff:1.245.179.140]:40628,reno,199
5.192992210388184,[::ffff:1.245.179.140]:40628,reno,200
5.198348522186279,[::ffff:1.245.179.140]:40628,reno,200
5.203721284866333,[::ffff:1.245.179.140]:40628,reno,200
5.209092378616333,[::ffff:1.245.179.140]:40628,reno,200
5.214781045913696,[::ffff:1.245.179.140]:40628,reno,200
5.220129489898682,[::ffff:1.245.179.140]:40628,reno,201
5.225667715072632,[::ffff:1.245.179.140]:40628,reno,201
5.23112416267395,[::ffff:1.245.179.140]:40628,reno,201
5.2367494106292725,[::ffff:1.245.179.140]:40628,reno,201
5.242138147354126,[::ffff:1.245.179.140]:40628,reno,201
5.24759840965271,[::ffff:1.245.179.140]:40628,reno,201
5.252931833267212,[::ffff:1.245.179.140]:40628,reno,202
5.258559942245483,[::ffff:1.245.179.140]:40628,reno,202
5.263916254043579,[::ffff:1.245.179.140]:40628,reno,202
5.269273042678833,[::ffff:1.245.179.140]:40628,reno,202
5.274609804153442,[::ffff:1.245.179.140]:40628,reno,202
5.2799012660980225,[::ffff:1.245.179.140]:40628,reno,203
5.2853617668151855,[::ffff:1.245.179.140]:40628,reno,203
5.290730953216553,[::ffff:1.245.179.140]:40628,reno,203
5.296053171157837,[::ffff:1.245.179.140]:40628,reno,203
5.301513910293579,[::ffff:1.245.179.140]:40628,reno,203
5.306857347488403,[::ffff:1.245.179.140]:40628,reno,203
5.312228441238403,[::ffff:1.245.179.140]:40628,reno,204
5.317562818527222,[::ffff:1.245.179.140]:40628,reno,204
5.322881460189819,[::ffff:1.245.179.140]:40628,reno,204
5.328307151794434,[::ffff:1.245.179.140]:40628,reno,204
5.333719491958618,[::ffff:1.245.179.140]:40628,reno,205
5.339539289474487,[::ffff:1.245.179.140]:40628,reno,205
5.3448731899261475,[::ffff:1.245.179.140]:40628,reno,205
5.350272178649902,[::ffff:1.245.179.140]:40628,reno,205
5.355751991271973,[::ffff:1.245.179.140]:40628,reno,205
5.361018896102905,[::ffff:1.245.179.140]:40628,reno,206
5.366481781005859,[::ffff:1.245.179.140]:40628,reno,206
5.371790885925293,[::ffff:1.245.179.140]:40628,reno,206
5.377217769622803,[::ffff:1.245.179.140]:40628,reno,206
5.3825953006744385,[::ffff:1.245.179.140]:40628,reno,206
5.388026714324951,[::ffff:1.245.179.140]:40628,reno,206
5.393388509750366,[::ffff:1.245.179.140]:40628,reno,207
5.398733377456665,[::ffff:1.245.179.140]:40628,reno,207
5.404107093811035,[::ffff:1.245.179.140]:40628,reno,207
5.4095141887664795,[::ffff:1.245.179.140]:40628,reno,207
5.415029287338257,[::ffff:1.245.179.140]:40628,reno,207
5.420468091964722,[::ffff:1.245.179.140]:40628,reno,208
5.425898313522339,[::ffff:1.245.179.140]:40628,reno,208
5.431326866149902,[::ffff:1.245.179.140]:40628,reno,208
5.436783313751221,[::ffff:1.245.179.140]:40628,reno,208
5.442166328430176,[::ffff:1.245.179.140]:40628,reno,208
5.447539329528809,[::ffff:1.245.179.140]:40628,reno,209
5.4529478549957275,[::ffff:1.245.179.140]:40628,reno,209
5.458444118499756,[::ffff:1.245.179.140]:40628,reno,209
5.463842868804932,[::ffff:1.245.179.140]:40628,reno,209
5.469489336013794,[::ffff:1.245.179.140]:40628,reno,209
5.474837303161621,[::ffff:1.245.179.140]:40628,reno,209
5.480109930038452,[::ffff:1.245.179.140]:40628,reno,210
5.485441207885742,[::ffff:1.245.179.140]:40628,reno,210
5.490801811218262,[::ffff:1.245.179.140]:40628,reno,210
5.496114492416382,[::ffff:1.245.179.140]:40628,reno,210
5.501401901245117,[::ffff:1.245.179.140]:40628,reno,210
5.50678277015686,[::ffff:1.245.179.140]:40628,reno,211
5.512159585952759,[::ffff:1.245.179.140]:40628,reno,211
5.51754903793335,[::ffff:1.245.179.140]:40628,reno,211
5.522955894470215,[::ffff:1.245.179.140]:40628,reno,211
5.528529167175293,[::ffff:1.245.179.140]:40628,reno,211
5.534346103668213,[::ffff:1.245.179.140]:40628,reno,212
5.540278673171997,[::ffff:1.245.179.140]:40628,reno,212
5.54614520072937,[::ffff:1.245.179.140]:40628,reno,212
5.552149772644043,[::ffff:1.245.179.140]:40628,reno,212
5.558016538619995,[::ffff:1.245.179.140]:40628,reno,212
5.563788414001465,[::ffff:1.245.179.140]:40628,reno,213
5.569249868392944,[::ffff:1.245.179.140]:40628,reno,213
5.574541330337524,[::ffff:1.245.179.140]:40628,reno,213
5.579975366592407,[::ffff:1.245.179.140]:40628,reno,213
5.585369110107422,[::ffff:1.245.179.140]:40628,reno,213
5.591079235076904,[::ffff:1.245.179.140]:40628,reno,213
5.596451759338379,[::ffff:1.245.179.140]:40628,reno,214
5.601797103881836,[::ffff:1.245.179.140]:40628,reno,214
5.607214689254761,[::ffff:1.245.179.140]:40628,reno,214
5.612812757492065,[::ffff:1.245.179.140]:40628,reno,214
5.61828088760376,[::ffff:1.245.179.140]:40628,reno,214
5.623754978179932,[::ffff:1.245.179.140]:40628,reno,215
5.629138946533203,[::ffff:1.245.179.140]:40628,reno,215
5.63452410697937,[::ffff:1.245.179.140]:40628,reno,215
5.639932155609131,[::ffff:1.245.179.140]:40628,reno,215
5.645259857177734,[::ffff:1.245.179.140]:40628,reno,215
5.6506242752075195,[::ffff:1.245.179.140]:40628,reno,215
5.655964612960815,[::ffff:1.245.179.140]:40628,reno,216
5.661279678344727,[::ffff:1.245.179.140]:40628,reno,216
5.666519641876221,[::ffff:1.245.179.140]:40628,reno,216
5.671799182891846,[::ffff:1.245.179.140]:40628,reno,216
5.677271842956543,[::ffff:1.245.179.140]:40628,reno,216
5.682620525360107,[::ffff:1.245.179.140]:40628,reno,217
5.687927007675171,[::ffff:1.245.179.140]:40628,reno,217
5.693331480026245,[::ffff:1.245.179.140]:40628,reno,217
5.698669910430908,[::ffff:1.245.179.140]:40628,reno,217
5.704044580459595,[::ffff:1.245.179.140]:40628,reno,217
5.709460735321045,[::ffff:1.245.179.140]:40628,reno,217
5.714806795120239,[::ffff:1.245.179.140]:40628,reno,218
5.720180034637451,[::ffff:1.245.179.140]:40628,reno,218
5.725673198699951,[::ffff:1.245.179.140]:40628,reno,218
5.731113910675049,[::ffff:1.245.179.140]:40628,reno,218
5.73656153678894,[::ffff:1.245.179.140]:40628,reno,218
5.742070198059082,[::ffff:1.245.179.140]:40628,reno,219
5.747583627700806,[::ffff:1.245.179.140]:40628,reno,219
5.752952814102173,[::ffff:1.245.179.140]:40628,reno,219
5.758361101150513,[::ffff:1.245.179.140]:40628,reno,219
5.763733386993408,[::ffff:1.245.179.140]:40628,reno,219
5.769280910491943,[::ffff:1.245.179.140]:40628,reno,219
5.774697780609131,[::ffff:1.245.179.140]:40628,reno,220
5.780310392379761,[::ffff:1.245.179.140]:40628,reno,220
5.785731792449951,[::ffff:1.245.179.140]:40628,reno,220
5.791112184524536,[::ffff:1.245.179.140]:40628,reno,220
5.796508312225342,[::ffff:1.245.179.140]:40628,reno,220
5.8019795417785645,[::ffff:1.245.179.140]:40628,reno,220
5.807599067687988,[::ffff:1.245.179.140]:40628,reno,221
5.812988758087158,[::ffff:1.245.179.140]:40628,reno,221
5.818319797515869,[::ffff:1.245.179.140]:40628,reno,221
5.823715448379517,[::ffff:1.245.179.140]:40628,reno,221
5.829100131988525,[::ffff:1.245.179.140]:40628,reno,221
5.834425926208496,[::ffff:1.245.179.140]:40628,reno,222
5.839910507202148,[::ffff:1.245.179.140]:40628,reno,222
5.845197916030884,[::ffff:1.245.179.140]:40628,reno,222
5.85058069229126,[::ffff:1.245.179.140]:40628,reno,222
5.856068849563599,[::ffff:1.245.179.140]:40628,reno,222
5.8614184856414795,[::ffff:1.245.179.140]:40628,reno,222
5.8668670654296875,[::ffff:1.245.179.140]:40628,reno,223
5.87231183052063,[::ffff:1.245.179.140]:40628,reno,223
5.877790451049805,[::ffff:1.245.179.140]:40628,reno,223
5.883281946182251,[::ffff:1.245.179.140]:40628,reno,223
5.888795852661133,[::ffff:1.245.179.140]:40628,reno,223
5.894143104553223,[::ffff:1.245.179.140]:40628,reno,223
5.89961051940918,[::ffff:1.245.179.140]:40628,reno,224
5.905107021331787,[::ffff:1.245.179.140]:40628,reno,224
5.910423040390015,[::ffff:1.245.179.140]:40628,reno,224
5.916144609451294,[::ffff:1.245.179.140]:40628,reno,224
5.921565055847168,[::ffff:1.245.179.140]:40628,reno,224
5.927043676376343,[::ffff:1.245.179.140]:40628,reno,225
5.932502269744873,[::ffff:1.245.179.140]:40628,reno,225
5.938121318817139,[::ffff:1.245.179.140]:40628,reno,225
5.943687438964844,[::ffff:1.245.179.140]:40628,reno,225
5.949233770370483,[::ffff:1.245.179.140]:40628,reno,194
5.95484471321106,[::ffff:1.245.179.140]:40628,reno,170
5.9603235721588135,[::ffff:1.245.179.140]:40628,reno,154
5.965822219848633,[::ffff:1.245.179.140]:40628,reno,134
5.9714789390563965,[::ffff:1.245.179.140]:40628,reno,112
5.976867198944092,[::ffff:1.245.179.140]:40628,reno,94
5.982806205749512,[::ffff:1.245.179.140]:40628,reno,80
5.988388538360596,[::ffff:1.245.179.140]:40628,reno,112
5.99377965927124,[::ffff:1.245.179.140]:40628,reno,112
5.9991559982299805,[::ffff:1.245.179.140]:40628,reno,112
6.004512786865234,[::ffff:1.245.179.140]:40628,reno,113
6.009814023971558,[::ffff:1.245.179.140]:40628,reno,113
6.015257120132446,[::ffff:1.245.179.140]:40628,reno,113
6.0206122398376465,[::ffff:1.245.179.140]:40628,reno,114
6.026029109954834,[::ffff:1.245.179.140]:40628,reno,114
6.031496524810791,[::ffff:1.245.179.140]:40628,reno,114
6.03682017326355,[::ffff:1.245.179.140]:40628,reno,115
6.042191982269287,[::ffff:1.245.179.140]:40628,reno,115
6.047572612762451,[::ffff:1.245.179.140]:40628,reno,115
6.0529561042785645,[::ffff:1.245.179.140]:40628,reno,116
6.058401346206665,[::ffff:1.245.179.140]:40628,reno,116
6.063735008239746,[::ffff:1.245.179.140]:40628,reno,116
6.069087028503418,[::ffff:1.245.179.140]:40628,reno,117
6.074558734893799,[::ffff:1.245.179.140]:40628,reno,117
6.0799784660339355,[::ffff:1.245.179.140]:40628,reno,117
6.085385322570801,[::ffff:1.245.179.140]:40628,reno,118
6.091188430786133,[::ffff:1.245.179.140]:40628,reno,118
6.096790790557861,[::ffff:1.245.179.140]:40628,reno,118
6.102251768112183,[::ffff:1.245.179.140]:40628,reno,119
6.107722043991089,[::ffff:1.245.179.140]:40628,reno,119
6.113208293914795,[::ffff:1.245.179.140]:40628,reno,119
6.1186277866363525,[::ffff:1.245.179.140]:40628,reno,120
6.12406063079834,[::ffff:1.245.179.140]:40628,reno,120
6.129425764083862,[::ffff:1.245.179.140]:40628,reno,120
6.134870290756226,[::ffff:1.245.179.140]:40628,reno,121
6.140345573425293,[::ffff:1.245.179.140]:40628,reno,121
6.145691156387329,[::ffff:1.245.179.140]:40628,reno,121
6.151189088821411,[::ffff:1.245.179.140]:40628,reno,122
6.1568567752838135,[::ffff:1.245.179.140]:40628,reno,122
6.1622655391693115,[::ffff:1.245.179.140]:40628,reno,122
6.167690753936768,[::ffff:1.245.179.140]:40628,reno,123
6.1732096672058105,[::ffff:1.245.179.140]:40628,reno,123
6.178598880767822,[::ffff:1.245.179.140]:40628,reno,123
6.184288263320923,[::ffff:1.245.179.140]:40628,reno,124
6.189808130264282,[::ffff:1.245.179.140]:40628,reno,124
6.195236444473267,[::ffff:1.245.179.140]:40628,reno,124
6.20061182975769,[::ffff:1.245.179.140]:40628,reno,125
6.206044673919678,[::ffff:1.245.179.140]:40628,reno,125
6.211584806442261,[::ffff:1.245.179.140]:40628,reno,125
6.2173895835876465,[::ffff:1.245.179.140]:40628,reno,126
6.222874641418457,[::ffff:1.245.179.140]:40628,reno,126
6.228323459625244,[::ffff:1.245.179.140]:40628,reno,126
6.233708620071411,[::ffff:1.245.179.140]:40628,reno,127
6.23918890953064,[::ffff:1.245.179.140]:40628,reno,127
6.244642019271851,[::ffff:1.245.179.140]:40628,reno,127
6.250139236450195,[::ffff:1.245.179.140]:40628,reno,127
6.255594491958618,[::ffff:1.245.179.140]:40628,reno,128
6.261027574539185,[::ffff:1.245.179.140]:40628,reno,128
6.266494274139404,[::ffff:1.245.179.140]:40628,reno,128
6.272019863128662,[::ffff:1.245.179.140]:40628,reno,129
6.277414083480835,[::ffff:1.245.179.140]:40628,reno,129
6.2828850746154785,[::ffff:1.245.179.140]:40628,reno,129
6.288294076919556,[::ffff:1.245.179.140]:40628,reno,130
6.293750047683716,[::ffff:1.245.179.140]:40628,reno,130
6.299278259277344,[::ffff:1.245.179.140]:40628,reno,130
6.304832220077515,[::ffff:1.245.179.140]:40628,reno,130
6.310378313064575,[::ffff:1.245.179.140]:40628,reno,131
6.315817832946777,[::ffff:1.245.179.140]:40628,reno,131
6.321091413497925,[::ffff:1.245.179.140]:40628,reno,131
6.326197147369385,[::ffff:1.245.179.140]:40628,reno,132
6.331886053085327,[::ffff:1.245.179.140]:40628,reno,132
6.337408542633057,[::ffff:1.245.179.140]:40628,reno,132
6.342657566070557,[::ffff:1.245.179.140]:40628,reno,133
6.3480002880096436,[::ffff:1.245.179.140]:40628,reno,133
6.353518724441528,[::ffff:1.245.179.140]:40628,reno,133
6.358973979949951,[::ffff:1.245.179.140]:40628,reno,133
6.364412307739258,[::ffff:1.245.179.140]:40628,reno,134
6.369905471801758,[::ffff:1.245.179.140]:40628,reno,134
6.375422477722168,[::ffff:1.245.179.140]:40628,reno,134
6.3808252811431885,[::ffff:1.245.179.140]:40628,reno,135
6.386208534240723,[::ffff:1.245.179.140]:40628,reno,135
6.391713619232178,[::ffff:1.245.179.140]:40628,reno,135
6.397095680236816,[::ffff:1.245.179.140]:40628,reno,135
6.4024977684021,[::ffff:1.245.179.140]:40628,reno,136
6.407954216003418,[::ffff:1.245.179.140]:40628,reno,136
6.413432836532593,[::ffff:1.245.179.140]:40628,reno,136
6.4190168380737305,[::ffff:1.245.179.140]:40628,reno,137
6.424372911453247,[::ffff:1.245.179.140]:40628,reno,137
6.429698705673218,[::ffff:1.245.179.140]:40628,reno,137
6.435093879699707,[::ffff:1.245.179.140]:40628,reno,138
6.4405553340911865,[::ffff:1.245.179.140]:40628,reno,138
6.44605565071106,[::ffff:1.245.179.140]:40628,reno,138
6.4515039920806885,[::ffff:1.245.179.140]:40628,reno,138
6.456899642944336,[::ffff:1.245.179.140]:40628,reno,139
6.4623308181762695,[::ffff:1.245.179.140]:40628,reno,139
6.4678122997283936,[::ffff:1.245.179.140]:40628,reno,139
6.473288536071777,[::ffff:1.245.179.140]:40628,reno,140
6.478668928146362,[::ffff:1.245.179.140]:40628,reno,140
6.484091520309448,[::ffff:1.245.179.140]:40628,reno,140
6.489531517028809,[::ffff:1.245.179.140]:40628,reno,140
6.4949870109558105,[::ffff:1.245.179.140]:40628,reno,141
6.500404119491577,[::ffff:1.245.179.140]:40628,reno,141
6.505943775177002,[::ffff:1.245.179.140]:40628,reno,141
6.511308908462524,[::ffff:1.245.179.140]:40628,reno,141
6.516652822494507,[::ffff:1.245.179.140]:40628,reno,142
6.5220537185668945,[::ffff:1.245.179.140]:40628,reno,142
6.52748441696167,[::ffff:1.245.179.140]:40628,reno,142
6.533000230789185,[::ffff:1.245.179.140]:40628,reno,143
6.538630247116089,[::ffff:1.245.179.140]:40628,reno,143
6.544003963470459,[::ffff:1.245.179.140]:40628,reno,143
6.5494959354400635,[::ffff:1.245.179.140]:40628,reno,143
6.554999828338623,[::ffff:1.245.179.140]:40628,reno,144
6.560446500778198,[::ffff:1.245.179.140]:40628,reno,144
6.565967798233032,[::ffff:1.245.179.140]:40628,reno,144
6.571499347686768,[::ffff:1.245.179.140]:40628,reno,145
6.57696270942688,[::ffff:1.245.179.140]:40628,reno,145
6.582433462142944,[::ffff:1.245.179.140]:40628,reno,145
6.587847471237183,[::ffff:1.245.179.140]:40628,reno,145
6.593511343002319,[::ffff:1.245.179.140]:40628,reno,146
6.5989296436309814,[::ffff:1.245.179.140]:40628,reno,146
6.604454755783081,[::ffff:1.245.179.140]:40628,reno,146
6.610273599624634,[::ffff:1.245.179.140]:40628,reno,147
6.615912199020386,[::ffff:1.245.179.140]:40628,reno,147
6.621584177017212,[::ffff:1.245.179.140]:40628,reno,147
6.627039670944214,[::ffff:1.245.179.140]:40628,reno,147
6.632718563079834,[::ffff:1.245.179.140]:40628,reno,148
6.6379945278167725,[::ffff:1.245.179.140]:40628,reno,148
6.643751859664917,[::ffff:1.245.179.140]:40628,reno,148
6.649113655090332,[::ffff:1.245.179.140]:40628,reno,148
6.654469728469849,[::ffff:1.245.179.140]:40628,reno,149
6.660110712051392,[::ffff:1.245.179.140]:40628,reno,149
6.665504693984985,[::ffff:1.245.179.140]:40628,reno,149
6.670953750610352,[::ffff:1.245.179.140]:40628,reno,149
6.676582098007202,[::ffff:1.245.179.140]:40628,reno,150
6.682099342346191,[::ffff:1.245.179.140]:40628,reno,150
6.687839508056641,[::ffff:1.245.179.140]:40628,reno,150
6.693260431289673,[::ffff:1.245.179.140]:40628,reno,150
6.698657274246216,[::ffff:1.245.179.140]:40628,reno,151
6.704298734664917,[::ffff:1.245.179.140]:40628,reno,151
6.709912061691284,[::ffff:1.245.179.140]:40628,reno,151
6.715435028076172,[::ffff:1.245.179.140]:40628,reno,151
6.7207725048065186,[::ffff:1.245.179.140]:40628,reno,152
6.726284027099609,[::ffff:1.245.179.140]:40628,reno,152
6.731845855712891,[::ffff:1.245.179.140]:40628,reno,152
6.737317323684692,[::ffff:1.245.179.140]:40628,reno,153
6.742743253707886,[::ffff:1.245.179.140]:40628,reno,153
6.7481606006622314,[::ffff:1.245.179.140]:40628,reno,153
6.753740072250366,[::ffff:1.245.179.140]:40628,reno,153
6.759225368499756,[::ffff:1.245.179.140]:40628,reno,154
6.764527082443237,[::ffff:1.245.179.140]:40628,reno,154
6.769951820373535,[::ffff:1.245.179.140]:40628,reno,154
6.775493383407593,[::ffff:1.245.179.140]:40628,reno,154
6.780943393707275,[::ffff:1.245.179.140]:40628,reno,155
6.786315202713013,[::ffff:1.245.179.140]:40628,reno,155
6.791869163513184,[::ffff:1.245.179.140]:40628,reno,155
6.797228097915649,[::ffff:1.245.179.140]:40628,reno,155
6.802606821060181,[::ffff:1.245.179.140]:40628,reno,156
6.808107137680054,[::ffff:1.245.179.140]:40628,reno,156
6.81345796585083,[::ffff:1.245.179.140]:40628,reno,156
6.818910598754883,[::ffff:1.245.179.140]:40628,reno,156
6.824390411376953,[::ffff:1.245.179.140]:40628,reno,157
6.829883575439453,[::ffff:1.245.179.140]:40628,reno,157
6.835395574569702,[::ffff:1.245.179.140]:40628,reno,157
6.840810298919678,[::ffff:1.245.179.140]:40628,reno,157
6.846534490585327,[::ffff:1.245.179.140]:40628,reno,158
6.852017164230347,[::ffff:1.245.179.140]:40628,reno,158
6.857408046722412,[::ffff:1.245.179.140]:40628,reno,158
6.862815856933594,[::ffff:1.245.179.140]:40628,reno,158
6.868167400360107,[::ffff:1.245.179.140]:40628,reno,159
6.873572826385498,[::ffff:1.245.179.140]:40628,reno,159
6.87900447845459,[::ffff:1.245.179.140]:40628,reno,159
6.88439416885376,[::ffff:1.245.179.140]:40628,reno,159
6.889845132827759,[::ffff:1.245.179.140]:40628,reno,160
6.895262956619263,[::ffff:1.245.179.140]:40628,reno,160
6.900820732116699,[::ffff:1.245.179.140]:40628,reno,160
6.906372308731079,[::ffff:1.245.179.140]:40628,reno,160
6.911754846572876,[::ffff:1.245.179.140]:40628,reno,161
6.917164087295532,[::ffff:1.245.179.140]:40628,reno,161
6.922548294067383,[::ffff:1.245.179.140]:40628,reno,161
6.928058862686157,[::ffff:1.245.179.140]:40628,reno,161
6.933587074279785,[::ffff:1.245.179.140]:40628,reno,162
6.939228773117065,[::ffff:1.245.179.140]:40628,reno,162
6.944748401641846,[::ffff:1.245.179.140]:40628,reno,162
6.950146675109863,[::ffff:1.245.179.140]:40628,reno,162
6.9555504322052,[::ffff:1.245.179.140]:40628,reno,163
6.961165428161621,[::ffff:1.245.179.140]:40628,reno,163
6.966556787490845,[::ffff:1.245.179.140]:40628,reno,163
6.972318410873413,[::ffff:1.245.179.140]:40628,reno,163
6.97774863243103,[::ffff:1.245.179.140]:40628,reno,164
6.9831764698028564,[::ffff:1.245.179.140]:40628,reno,164
6.988804578781128,[::ffff:1.245.179.140]:40628,reno,164
6.99447226524353,[::ffff:1.245.179.140]:40628,reno,164
6.9998815059661865,[::ffff:1.245.179.140]:40628,reno,164
7.00547981262207,[::ffff:1.245.179.140]:40628,reno,165
7.010945081710815,[::ffff:1.245.179.140]:40628,reno,165
7.016301155090332,[::ffff:1.245.179.140]:40628,reno,165
7.0218665599823,[::ffff:1.245.179.140]:40628,reno,165
7.027307987213135,[::ffff:1.245.179.140]:40628,reno,166
7.032876491546631,[::ffff:1.245.179.140]:40628,reno,166
7.038295030593872,[::ffff:1.245.179.140]:40628,reno,166
7.043841600418091,[::ffff:1.245.179.140]:40628,reno,166
7.049304008483887,[::ffff:1.245.179.140]:40628,reno,167
7.054753303527832,[::ffff:1.245.179.140]:40628,reno,167
7.060281991958618,[::ffff:1.245.179.140]:40628,reno,167
7.0655903816223145,[::ffff:1.245.179.140]:40628,reno,167
7.071214199066162,[::ffff:1.245.179.140]:40628,reno,168
7.076878786087036,[::ffff:1.245.179.140]:40628,reno,168
7.082321882247925,[::ffff:1.245.179.140]:40628,reno,168
7.087758541107178,[::ffff:1.245.179.140]:40628,reno,168
7.093269109725952,[::ffff:1.245.179.140]:40628,reno,168
7.098932981491089,[::ffff:1.245.179.140]:40628,reno,169
7.104324817657471,[::ffff:1.245.179.140]:40628,reno,169
7.109729528427124,[::ffff:1.245.179.140]:40628,reno,169
7.115297555923462,[::ffff:1.245.179.140]:40628,reno,169
7.120730638504028,[::ffff:1.245.179.140]:40628,reno,170
7.126153945922852,[::ffff:1.245.179.140]:40628,reno,170
7.1315977573394775,[::ffff:1.245.179.140]:40628,reno,170
7.137066125869751,[::ffff:1.245.179.140]:40628,reno,170
7.142482757568359,[::ffff:1.245.179.140]:40628,reno,171
7.147988796234131,[::ffff:1.245.179.140]:40628,reno,171
7.153646945953369,[::ffff:1.245.179.140]:40628,reno,171
7.159055471420288,[::ffff:1.245.179.140]:40628,reno,171
7.164459705352783,[::ffff:1.245.179.140]:40628,reno,172
7.169916391372681,[::ffff:1.245.179.140]:40628,reno,172
7.17542290687561,[::ffff:1.245.179.140]:40628,reno,172
7.180858612060547,[::ffff:1.245.179.140]:40628,reno,172
7.186267614364624,[::ffff:1.245.179.140]:40628,reno,172
7.191773414611816,[::ffff:1.245.179.140]:40628,reno,173
7.197303771972656,[::ffff:1.245.179.140]:40628,reno,173
7.20279860496521,[::ffff:1.245.179.140]:40628,reno,173
7.208357334136963,[::ffff:1.245.179.140]:40628,reno,173
7.213759422302246,[::ffff:1.245.179.140]:40628,reno,174
7.219125032424927,[::ffff:1.245.179.140]:40628,reno,174
7.224592447280884,[::ffff:1.245.179.140]:40628,reno,174
7.230090618133545,[::ffff:1.245.179.140]:40628,reno,174
7.235532999038696,[::ffff:1.245.179.140]:40628,reno,175
7.241063117980957,[::ffff:1.245.179.140]:40628,reno,175
7.246549129486084,[::ffff:1.245.179.140]:40628,reno,175
7.252060174942017,[::ffff:1.245.179.140]:40628,reno,175
7.25753378868103,[::ffff:1.245.179.140]:40628,reno,175
7.2630321979522705,[::ffff:1.245.179.140]:40628,reno,176
7.268505573272705,[::ffff:1.245.179.140]:40628,reno,176
7.2741334438323975,[::ffff:1.245.179.140]:40628,reno,176
7.279711008071899,[::ffff:1.245.179.140]:40628,reno,176
7.285199165344238,[::ffff:1.245.179.140]:40628,reno,177
7.290674686431885,[::ffff:1.245.179.140]:40628,reno,177
7.296106576919556,[::ffff:1.245.179.140]:40628,reno,177
7.301544427871704,[::ffff:1.245.179.140]:40628,reno,177
7.306934595108032,[::ffff:1.245.179.140]:40628,reno,177
7.312288761138916,[::ffff:1.245.179.140]:40628,reno,178
7.317767143249512,[::ffff:1.245.179.140]:40628,reno,178
7.323164224624634,[::ffff:1.245.179.140]:40628,reno,178
7.328640699386597,[::ffff:1.245.179.140]:40628,reno,178
7.334074258804321,[::ffff:1.245.179.140]:40628,reno,178
7.339537858963013,[::ffff:1.245.179.140]:40628,reno,179
7.344942331314087,[::ffff:1.245.179.140]:40628,reno,179
7.350730895996094,[::ffff:1.245.179.140]:40628,reno,179
7.356216192245483,[::ffff:1.245.179.140]:40628,reno,179
7.361567974090576,[::ffff:1.245.179.140]:40628,reno,180
7.366907596588135,[::ffff:1.245.179.140]:40628,reno,180
7.3723695278167725,[::ffff:1.245.179.140]:40628,reno,180
7.3778016567230225,[::ffff:1.245.179.140]:40628,reno,180
7.383143901824951,[::ffff:1.245.179.140]:40628,reno,180
7.388623237609863,[::ffff:1.245.179.140]:40628,reno,181
7.3940110206604,[::ffff:1.245.179.140]:40628,reno,181
7.3994762897491455,[::ffff:1.245.179.140]:40628,reno,181
7.404986381530762,[::ffff:1.245.179.140]:40628,reno,181
7.410328388214111,[::ffff:1.245.179.140]:40628,reno,182
7.415778160095215,[::ffff:1.245.179.140]:40628,reno,182
7.421227216720581,[::ffff:1.245.179.140]:40628,reno,182
7.426470041275024,[::ffff:1.245.179.140]:40628,reno,182
7.431987524032593,[::ffff:1.245.179.140]:40628,reno,182
7.437371492385864,[::ffff:1.245.179.140]:40628,reno,183
7.442845821380615,[::ffff:1.245.179.140]:40628,reno,183
7.448299407958984,[::ffff:1.245.179.140]:40628,reno,183
7.453793048858643,[::ffff:1.245.179.140]:40628,reno,183
7.4594714641571045,[::ffff:1.245.179.140]:40628,reno,184
7.4649436473846436,[::ffff:1.245.179.140]:40628,reno,184
7.470500230789185,[::ffff:1.245.179.140]:40628,reno,184
7.476372718811035,[::ffff:1.245.179.140]:40628,reno,184
7.4817821979522705,[::ffff:1.245.179.140]:40628,reno,184
7.487321853637695,[::ffff:1.245.179.140]:40628,reno,185
7.492967367172241,[::ffff:1.245.179.140]:40628,reno,185
7.498430967330933,[::ffff:1.245.179.140]:40628,reno,185
7.503941297531128,[::ffff:1.245.179.140]:40628,reno,185
7.509481906890869,[::ffff:1.245.179.140]:40628,reno,185
7.514955520629883,[::ffff:1.245.179.140]:40628,reno,186
7.5203330516815186,[::ffff:1.245.179.140]:40628,reno,186
7.52579402923584,[::ffff:1.245.179.140]:40628,reno,186
7.53123664855957,[::ffff:1.245.179.140]:40628,reno,186
7.5366051197052,[::ffff:1.245.179.140]:40628,reno,186
7.541963338851929,[::ffff:1.245.179.140]:40628,reno,187
7.547446012496948,[::ffff:1.245.179.140]:40628,reno,187
7.552974700927734,[::ffff:1.245.179.140]:40628,reno,187
7.558656215667725,[::ffff:1.245.179.140]:40628,reno,187
7.564101696014404,[::ffff:1.245.179.140]:40628,reno,188
7.569622278213501,[::ffff:1.245.179.140]:40628,reno,188
7.575008153915405,[::ffff:1.245.179.140]:40628,reno,188
7.5803985595703125,[::ffff:1.245.179.140]:40628,reno,188
7.585926294326782,[::ffff:1.245.179.140]:40628,reno,188
7.591311693191528,[::ffff:1.245.179.140]:40628,reno,189
7.597155332565308,[::ffff:1.245.179.140]:40628,reno,189
7.602491617202759,[::ffff:1.245.179.140]:40628,reno,189
7.607946872711182,[::ffff:1.245.179.140]:40628,reno,189
7.613473653793335,[::ffff:1.245.179.140]:40628,reno,189
7.618968963623047,[::ffff:1.245.179.140]:40628,reno,190
7.624390363693237,[::ffff:1.245.179.140]:40628,reno,190
7.629795551300049,[::ffff:1.245.179.140]:40628,reno,190
7.635188341140747,[::ffff:1.245.179.140]:40628,reno,190
7.640772342681885,[::ffff:1.245.179.140]:40628,reno,191
7.646210670471191,[::ffff:1.245.179.140]:40628,reno,191
7.651714563369751,[::ffff:1.245.179.140]:40628,reno,191
7.6571149826049805,[::ffff:1.245.179.140]:40628,reno,191
7.6626081466674805,[::ffff:1.245.179.140]:40628,reno,191
7.668050527572632,[::ffff:1.245.179.140]:40628,reno,192
7.6735663414001465,[::ffff:1.245.179.140]:40628,reno,192
7.679131984710693,[::ffff:1.245.179.140]:40628,reno,192
7.684571266174316,[::ffff:1.245.179.140]:40628,reno,192
7.690062046051025,[::ffff:1.245.179.140]:40628,reno,192
7.69560170173645,[::ffff:1.245.179.140]:40628,reno,193
7.70107626914978,[::ffff:1.245.179.140]:40628,reno,193
7.7065887451171875,[::ffff:1.245.179.140]:40628,reno,193
7.71203875541687,[::ffff:1.245.179.140]:40628,reno,193
7.717403173446655,[::ffff:1.245.179.140]:40628,reno,193
7.722861051559448,[::ffff:1.245.179.140]:40628,reno,194
7.728553295135498,[::ffff:1.245.179.140]:40628,reno,194
7.7338480949401855,[::ffff:1.245.179.140]:40628,reno,194
7.739308595657349,[::ffff:1.245.179.140]:40628,reno,194
7.744783878326416,[::ffff:1.245.179.140]:40628,reno,194
7.750262022018433,[::ffff:1.245.179.140]:40628,reno,195
7.755717515945435,[::ffff:1.245.179.140]:40628,reno,195
7.761186599731445,[::ffff:1.245.179.140]:40628,reno,195
7.766587018966675,[::ffff:1.245.179.140]:40628,reno,195
7.772046804428101,[::ffff:1.245.179.140]:40628,reno,195
7.777510643005371,[::ffff:1.245.179.140]:40628,reno,196
7.782952308654785,[::ffff:1.245.179.140]:40628,reno,196
7.788392543792725,[::ffff:1.245.179.140]:40628,reno,196
7.793889999389648,[::ffff:1.245.179.140]:40628,reno,196
7.799306869506836,[::ffff:1.245.179.140]:40628,reno,196
7.80490517616272,[::ffff:1.245.179.140]:40628,reno,197
7.810375452041626,[::ffff:1.245.179.140]:40628,reno,197
7.815836429595947,[::ffff:1.245.179.140]:40628,reno,197
7.821263790130615,[::ffff:1.245.179.140]:40628,reno,197
7.82668137550354,[::ffff:1.245.179.140]:40628,reno,197
7.832150936126709,[::ffff:1.245.179.140]:40628,reno,198
7.837643623352051,[::ffff:1.245.179.140]:40628,reno,198
7.843003273010254,[::ffff:1.245.179.140]:40628,reno,198
7.848531484603882,[::ffff:1.245.179.140]:40628,reno,198
7.854599237442017,[::ffff:1.245.179.140]:40628,reno,198
7.860116004943848,[::ffff:1.245.179.140]:40628,reno,199
7.8656299114227295,[::ffff:1.245.179.140]:40628,reno,199
7.871028423309326,[::ffff:1.245.179.140]:40628,reno,199
7.876496076583862,[::ffff:1.245.179.140]:40628,reno,199
7.882010459899902,[::ffff:1.245.179.140]:40628,reno,199
7.8877036571502686,[::ffff:1.245.179.140]:40628,reno,200
7.8931756019592285,[::ffff:1.245.179.140]:40628,reno,200
7.898552417755127,[::ffff:1.245.179.140]:40628,reno,200
7.90390419960022,[::ffff:1.245.179.140]:40628,reno,200
7.909481048583984,[::ffff:1.245.179.140]:40628,reno,200
7.915082931518555,[::ffff:1.245.179.140]:40628,reno,201
7.920770645141602,[::ffff:1.245.179.140]:40628,reno,201
7.926223278045654,[::ffff:1.245.179.140]:40628,reno,201
7.931621074676514,[::ffff:1.245.179.140]:40628,reno,201
7.937114000320435,[::ffff:1.245.179.140]:40628,reno,201
7.9424779415130615,[::ffff:1.245.179.140]:40628,reno,202
7.948032379150391,[::ffff:1.245.179.140]:40628,reno,202
7.953578233718872,[::ffff:1.245.179.140]:40628,reno,202
7.958916187286377,[::ffff:1.245.179.140]:40628,reno,202
7.9643635749816895,[::ffff:1.245.179.140]:40628,reno,202
7.96970009803772,[::ffff:1.245.179.140]:40628,reno,203
7.975645065307617,[::ffff:1.245.179.140]:40628,reno,203
7.9810779094696045,[::ffff:1.245.179.140]:40628,reno,203
7.986453533172607,[::ffff:1.245.179.140]:40628,reno,203
7.991897344589233,[::ffff:1.245.179.140]:40628,reno,203
7.997506141662598,[::ffff:1.245.179.140]:40628,reno,204
8.002962350845337,[::ffff:1.245.179.140]:40628,reno,204
8.008779287338257,[::ffff:1.245.179.140]:40628,reno,204
8.014119148254395,[::ffff:1.245.179.140]:40628,reno,204
8.019600868225098,[::ffff:1.245.179.140]:40628,reno,204
8.025195121765137,[::ffff:1.245.179.140]:40628,reno,205
8.030736446380615,[::ffff:1.245.179.140]:40628,reno,205
8.03611445426941,[::ffff:1.245.179.140]:40628,reno,205
8.041634321212769,[::ffff:1.245.179.140]:40628,reno,205
8.047110319137573,[::ffff:1.245.179.140]:40628,reno,205
8.052722215652466,[::ffff:1.245.179.140]:40628,reno,205
8.058051824569702,[::ffff:1.245.179.140]:40628,reno,205
8.063483238220215,[::ffff:1.245.179.140]:40628,reno,205
8.069018840789795,[::ffff:1.245.179.140]:40628,reno,206
8.074527740478516,[::ffff:1.245.179.140]:40628,reno,206
8.079941987991333,[::ffff:1.245.179.140]:40628,reno,206
8.085407733917236,[::ffff:1.245.179.140]:40628,reno,207
8.090887784957886,[::ffff:1.245.179.140]:40628,reno,207
8.09633755683899,[::ffff:1.245.179.140]:40628,reno,207
8.102078437805176,[::ffff:1.245.179.140]:40628,reno,207
8.1076180934906,[::ffff:1.245.179.140]:40628,reno,207
8.113026857376099,[::ffff:1.245.179.140]:40628,reno,208
8.118386030197144,[::ffff:1.245.179.140]:40628,reno,208
8.12391471862793,[::ffff:1.245.179.140]:40628,reno,208
8.129238605499268,[::ffff:1.245.179.140]:40628,reno,208
8.134835004806519,[::ffff:1.245.179.140]:40628,reno,208
8.140275239944458,[::ffff:1.245.179.140]:40628,reno,209
8.145872831344604,[::ffff:1.245.179.140]:40628,reno,209
8.151499032974243,[::ffff:1.245.179.140]:40628,reno,209
8.157094240188599,[::ffff:1.245.179.140]:40628,reno,209
8.162494659423828,[::ffff:1.245.179.140]:40628,reno,209
8.167966604232788,[::ffff:1.245.179.140]:40628,reno,210
8.173349380493164,[::ffff:1.245.179.140]:40628,reno,210
8.178920030593872,[::ffff:1.245.179.140]:40628,reno,210
8.184389352798462,[::ffff:1.245.179.140]:40628,reno,210
8.189849376678467,[::ffff:1.245.179.140]:40628,reno,210
8.195244312286377,[::ffff:1.245.179.140]:40628,reno,210
8.200624704360962,[::ffff:1.245.179.140]:40628,reno,211
8.206179141998291,[::ffff:1.245.179.140]:40628,reno,211
8.211658716201782,[::ffff:1.245.179.140]:40628,reno,211
8.217039346694946,[::ffff:1.245.179.140]:40628,reno,211
8.222581386566162,[::ffff:1.245.179.140]:40628,reno,211
8.228219985961914,[::ffff:1.245.179.140]:40628,reno,212
8.233643293380737,[::ffff:1.245.179.140]:40628,reno,212
8.239123821258545,[::ffff:1.245.179.140]:40628,reno,212
8.244669914245605,[::ffff:1.245.179.140]:40628,reno,212
8.250321865081787,[::ffff:1.245.179.140]:40628,reno,212
8.255885601043701,[::ffff:1.245.179.140]:40628,reno,213
8.261332750320435,[::ffff:1.245.179.140]:40628,reno,213
8.26698637008667,[::ffff:1.245.179.140]:40628,reno,213
8.272475242614746,[::ffff:1.245.179.140]:40628,reno,213
8.277960777282715,[::ffff:1.245.179.140]:40628,reno,213
8.283512592315674,[::ffff:1.245.179.140]:40628,reno,213
8.288935422897339,[::ffff:1.245.179.140]:40628,reno,214
8.294303894042969,[::ffff:1.245.179.140]:40628,reno,214
8.299712657928467,[::ffff:1.245.179.140]:40628,reno,214
8.305234432220459,[::ffff:1.245.179.140]:40628,reno,214
8.310789823532104,[::ffff:1.245.179.140]:40628,reno,214
8.316263914108276,[::ffff:1.245.179.140]:40628,reno,214
8.321537971496582,[::ffff:1.245.179.140]:40628,reno,215
8.327003717422485,[::ffff:1.245.179.140]:40628,reno,215
8.332490682601929,[::ffff:1.245.179.140]:40628,reno,215
8.338035583496094,[::ffff:1.245.179.140]:40628,reno,215
8.343477487564087,[::ffff:1.245.179.140]:40628,reno,215
8.349190711975098,[::ffff:1.245.179.140]:40628,reno,216
8.354791164398193,[::ffff:1.245.179.140]:40628,reno,216
8.360252141952515,[::ffff:1.245.179.140]:40628,reno,216
8.365713119506836,[::ffff:1.245.179.140]:40628,reno,216
8.371262550354004,[::ffff:1.245.179.140]:40628,reno,216
8.376608848571777,[::ffff:1.245.179.140]:40628,reno,217
8.382264852523804,[::ffff:1.245.179.140]:40628,reno,217
8.387580633163452,[::ffff:1.245.179.140]:40628,reno,217
8.393110036849976,[::ffff:1.245.179.140]:40628,reno,217
8.398637533187866,[::ffff:1.245.179.140]:40628,reno,217
8.40400743484497,[::ffff:1.245.179.140]:40628,reno,217
8.409489393234253,[::ffff:1.245.179.140]:40628,reno,218
8.414979696273804,[::ffff:1.245.179.140]:40628,reno,218
8.420374155044556,[::ffff:1.245.179.140]:40628,reno,218
8.425973653793335,[::ffff:1.245.179.140]:40628,reno,218
8.431504249572754,[::ffff:1.245.179.140]:40628,reno,218
8.436958074569702,[::ffff:1.245.179.140]:40628,reno,219
8.44243597984314,[::ffff:1.245.179.140]:40628,reno,219
8.448013544082642,[::ffff:1.245.179.140]:40628,reno,219
8.453566789627075,[::ffff:1.245.179.140]:40628,reno,219
8.458974599838257,[::ffff:1.245.179.140]:40628,reno,219
8.46475338935852,[::ffff:1.245.179.140]:40628,reno,219
8.47016978263855,[::ffff:1.245.179.140]:40628,reno,219
8.475584745407104,[::ffff:1.245.179.140]:40628,reno,220
8.481324672698975,[::ffff:1.245.179.140]:40628,reno,220
8.486812353134155,[::ffff:1.245.179.140]:40628,reno,220
8.492230653762817,[::ffff:1.245.179.140]:40628,reno,220
8.497715711593628,[::ffff:1.245.179.140]:40628,reno,221
8.503046751022339,[::ffff:1.245.179.140]:40628,reno,221
8.508595943450928,[::ffff:1.245.179.140]:40628,reno,221
8.51403021812439,[::ffff:1.245.179.140]:40628,reno,221
8.519425392150879,[::ffff:1.245.179.140]:40628,reno,221
8.524946451187134,[::ffff:1.245.179.140]:40628,reno,221
8.53020191192627,[::ffff:1.245.179.140]:40628,reno,222
8.535534858703613,[::ffff:1.245.179.140]:40628,reno,222
8.540820360183716,[::ffff:1.245.179.140]:40628,reno,222
8.546403408050537,[::ffff:1.245.179.140]:40628,reno,222
8.552064657211304,[::ffff:1.245.179.140]:40628,reno,222
8.557452917098999,[::ffff:1.245.179.140]:40628,reno,222
8.562977075576782,[::ffff:1.245.179.140]:40628,reno,223
8.568517923355103,[::ffff:1.245.179.140]:40628,reno,223
8.574193000793457,[::ffff:1.245.179.140]:40628,reno,192
8.579756736755371,[::ffff:1.245.179.140]:40628,reno,176
8.585205554962158,[::ffff:1.245.179.140]:40628,reno,155
8.590631484985352,[::ffff:1.245.179.140]:40628,reno,131
8.596137762069702,[::ffff:1.245.179.140]:40628,reno,116
8.601575136184692,[::ffff:1.245.179.140]:40628,reno,111
8.607431888580322,[::ffff:1.245.179.140]:40628,reno,111
8.612859725952148,[::ffff:1.245.179.140]:40628,reno,111
8.618235349655151,[::ffff:1.245.179.140]:40628,reno,112
8.623748302459717,[::ffff:1.245.179.140]:40628,reno,112
8.62918758392334,[::ffff:1.245.179.140]:40628,reno,112
8.634820222854614,[::ffff:1.245.179.140]:40628,reno,113
8.640251398086548,[::ffff:1.245.179.140]:40628,reno,113
8.64565634727478,[::ffff:1.245.179.140]:40628,reno,113
8.651073455810547,[::ffff:1.245.179.140]:40628,reno,114
8.656599521636963,[::ffff:1.245.179.140]:40628,reno,114
8.662176370620728,[::ffff:1.245.179.140]:40628,reno,115
8.667746782302856,[::ffff:1.245.179.140]:40628,reno,115
8.672955513000488,[::ffff:1.245.179.140]:40628,reno,115
8.678391218185425,[::ffff:1.245.179.140]:40628,reno,116
8.683912515640259,[::ffff:1.245.179.140]:40628,reno,116
8.689215421676636,[::ffff:1.245.179.140]:40628,reno,116
8.694633483886719,[::ffff:1.245.179.140]:40628,reno,117
8.7001953125,[::ffff:1.245.179.140]:40628,reno,117
8.705793142318726,[::ffff:1.245.179.140]:40628,reno,117
8.711000204086304,[::ffff:1.245.179.140]:40628,reno,118
8.716154098510742,[::ffff:1.245.179.140]:40628,reno,118
8.721833944320679,[::ffff:1.245.179.140]:40628,reno,118
8.72752594947815,[::ffff:1.245.179.140]:40628,reno,119
8.732957363128662,[::ffff:1.245.179.140]:40628,reno,119
8.738415241241455,[::ffff:1.245.179.140]:40628,reno,119
8.743988990783691,[::ffff:1.245.179.140]:40628,reno,119
8.749616384506226,[::ffff:1.245.179.140]:40628,reno,120
8.755159139633179,[::ffff:1.245.179.140]:40628,reno,120
8.760712385177612,[::ffff:1.245.179.140]:40628,reno,120
8.766138076782227,[::ffff:1.245.179.140]:40628,reno,121
8.77157998085022,[::ffff:1.245.179.140]:40628,reno,121
8.777193307876587,[::ffff:1.245.179.140]:40628,reno,121
8.78284764289856,[::ffff:1.245.179.140]:40628,reno,122
8.7882661819458,[::ffff:1.245.179.140]:40628,reno,122
8.79371976852417,[::ffff:1.245.179.140]:40628,reno,122
8.79915452003479,[::ffff:1.245.179.140]:40628,reno,123
8.80443286895752,[::ffff:1.245.179.140]:40628,reno,123
8.809970140457153,[::ffff:1.245.179.140]:40628,reno,123
8.815590143203735,[::ffff:1.245.179.140]:40628,reno,124
8.82094669342041,[::ffff:1.245.179.140]:40628,reno,124
8.826334476470947,[::ffff:1.245.179.140]:40628,reno,124
8.831825017929077,[::ffff:1.245.179.140]:40628,reno,125
8.83720588684082,[::ffff:1.245.179.140]:40628,reno,125
8.842546224594116,[::ffff:1.245.179.140]:40628,reno,125
8.84790587425232,[::ffff:1.245.179.140]:40628,reno,126
8.853487968444824,[::ffff:1.245.179.140]:40628,reno,126
8.858855247497559,[::ffff:1.245.179.140]:40628,reno,126
8.864259004592896,[::ffff:1.245.179.140]:40628,reno,127
8.869572639465332,[::ffff:1.245.179.140]:40628,reno,127
8.875074625015259,[::ffff:1.245.179.140]:40628,reno,127
8.880636930465698,[::ffff:1.245.179.140]:40628,reno,128
8.886025190353394,[::ffff:1.245.179.140]:40628,reno,128
8.891419410705566,[::ffff:1.245.179.140]:40628,reno,128
8.896580457687378,[::ffff:1.245.179.140]:40628,reno,129
8.902051210403442,[::ffff:1.245.179.140]:40628,reno,129
8.907532691955566,[::ffff:1.245.179.140]:40628,reno,129
8.912931203842163,[::ffff:1.245.179.140]:40628,reno,129
8.918396949768066,[::ffff:1.245.179.140]:40628,reno,130
8.923765897750854,[::ffff:1.245.179.140]:40628,reno,130
8.929176807403564,[::ffff:1.245.179.140]:40628,reno,130
8.934612512588501,[::ffff:1.245.179.140]:40628,reno,131
8.94015383720398,[::ffff:1.245.179.140]:40628,reno,131
8.945516347885132,[::ffff:1.245.179.140]:40628,reno,131
8.951005220413208,[::ffff:1.245.179.140]:40628,reno,131
8.956565141677856,[::ffff:1.245.179.140]:40628,reno,132
8.961958885192871,[::ffff:1.245.179.140]:40628,reno,132
8.967452049255371,[::ffff:1.245.179.140]:40628,reno,132
8.972927570343018,[::ffff:1.245.179.140]:40628,reno,133
8.97870135307312,[::ffff:1.245.179.140]:40628,reno,133
8.984196901321411,[::ffff:1.245.179.140]:40628,reno,133
8.989573955535889,[::ffff:1.245.179.140]:40628,reno,134
8.99509310722351,[::ffff:1.245.179.140]:40628,reno,134
9.000519752502441,[::ffff:1.245.179.140]:40628,reno,134
9.005877017974854,[::ffff:1.245.179.140]:40628,reno,134
9.011253356933594,[::ffff:1.245.179.140]:40628,reno,135
9.016760110855103,[::ffff:1.245.179.140]:40628,reno,135
9.02219033241272,[::ffff:1.245.179.140]:40628,reno,135
9.027584075927734,[::ffff:1.245.179.140]:40628,reno,135
9.033025741577148,[::ffff:1.245.179.140]:40628,reno,136
9.038410425186157,[::ffff:1.245.179.140]:40628,reno,136
9.043801546096802,[::ffff:1.245.179.140]:40628,reno,136
9.049093961715698,[::ffff:1.245.179.140]:40628,reno,137
9.05447268486023,[::ffff:1.245.179.140]:40628,reno,137
9.059825897216797,[::ffff:1.245.179.140]:40628,reno,137
9.065186738967896,[::ffff:1.245.179.140]:40628,reno,138
9.070523738861084,[::ffff:1.245.179.140]:40628,reno,138
9.075945854187012,[::ffff:1.245.179.140]:40628,reno,138
9.081357717514038,[::ffff:1.245.179.140]:40628,reno,138
9.086700677871704,[::ffff:1.245.179.140]:40628,reno,139
9.092243671417236,[::ffff:1.245.179.140]:40628,reno,139
9.097668647766113,[::ffff:1.245.179.140]:40628,reno,139
9.103611946105957,[::ffff:1.245.179.140]:40628,reno,139
9.109086513519287,[::ffff:1.245.179.140]:40628,reno,140
9.114522933959961,[::ffff:1.245.179.140]:40628,reno,140
9.119922161102295,[::ffff:1.245.179.140]:40628,reno,140
9.125300407409668,[::ffff:1.245.179.140]:40628,reno,141
9.130695104598999,[::ffff:1.245.179.140]:40628,reno,141
9.136010646820068,[::ffff:1.245.179.140]:40628,reno,141
9.141304969787598,[::ffff:1.245.179.140]:40628,reno,141
9.146684885025024,[::ffff:1.245.179.140]:40628,reno,142
9.152113437652588,[::ffff:1.245.179.140]:40628,reno,142
9.157570600509644,[::ffff:1.245.179.140]:40628,reno,142
9.162792921066284,[::ffff:1.245.179.140]:40628,reno,143
9.168210744857788,[::ffff:1.245.179.140]:40628,reno,143
9.17367148399353,[::ffff:1.245.179.140]:40628,reno,143
9.179058313369751,[::ffff:1.245.179.140]:40628,reno,143
9.184437990188599,[::ffff:1.245.179.140]:40628,reno,144
9.189990997314453,[::ffff:1.245.179.140]:40628,reno,144
9.195281267166138,[::ffff:1.245.179.140]:40628,reno,144
9.200775384902954,[::ffff:1.245.179.140]:40628,reno,144
9.206138610839844,[::ffff:1.245.179.140]:40628,reno,145
9.211569786071777,[::ffff:1.245.179.140]:40628,reno,145
9.216985702514648,[::ffff:1.245.179.140]:40628,reno,145
9.222446203231812,[::ffff:1.245.179.140]:40628,reno,146
9.228344440460205,[::ffff:1.245.179.140]:40628,reno,146
9.233737707138062,[::ffff:1.245.179.140]:40628,reno,146
9.239202499389648,[::ffff:1.245.179.140]:40628,reno,146
9.24472713470459,[::ffff:1.245.179.140]:40628,reno,147
9.250289678573608,[::ffff:1.245.179.140]:40628,reno,147
9.255845069885254,[::ffff:1.245.179.140]:40628,reno,147
9.261265993118286,[::ffff:1.245.179.140]:40628,reno,147
9.266807317733765,[::ffff:1.245.179.140]:40628,reno,148
9.27224087715149,[::ffff:1.245.179.140]:40628,reno,148
9.277697801589966,[::ffff:1.245.179.140]:40628,reno,148
9.283185720443726,[::ffff:1.245.179.140]:40628,reno,148
9.28860354423523,[::ffff:1.245.179.140]:40628,reno,149
9.294066667556763,[::ffff:1.245.179.140]:40628,reno,149
9.29955792427063,[::ffff:1.245.179.140]:40628,reno,149
9.304924488067627,[::ffff:1.245.179.140]:40628,reno,150
9.310535669326782,[::ffff:1.245.179.140]:40628,reno,150
9.316036939620972,[::ffff:1.245.179.140]:40628,reno,150
9.321422815322876,[::ffff:1.245.179.140]:40628,reno,150
9.326866626739502,[::ffff:1.245.179.140]:40628,reno,150
9.332274913787842,[::ffff:1.245.179.140]:40628,reno,151
9.337692499160767,[::ffff:1.245.179.140]:40628,reno,151
9.343091487884521,[::ffff:1.245.179.140]:40628,reno,151
9.34852123260498,[::ffff:1.245.179.140]:40628,reno,152
9.354218006134033,[::ffff:1.245.179.140]:40628,reno,152
9.359618902206421,[::ffff:1.245.179.140]:40628,reno,152
9.365079641342163,[::ffff:1.245.179.140]:40628,reno,153
9.370529174804688,[::ffff:1.245.179.140]:40628,reno,153
9.375998497009277,[::ffff:1.245.179.140]:40628,reno,153
9.381502389907837,[::ffff:1.245.179.140]:40628,reno,153
9.386973142623901,[::ffff:1.245.179.140]:40628,reno,154
9.392359495162964,[::ffff:1.245.179.140]:40628,reno,154
9.397748231887817,[::ffff:1.245.179.140]:40628,reno,154
9.40314507484436,[::ffff:1.245.179.140]:40628,reno,154
9.40847897529602,[::ffff:1.245.179.140]:40628,reno,155
9.413869380950928,[::ffff:1.245.179.140]:40628,reno,155
9.41917896270752,[::ffff:1.245.179.140]:40628,reno,155
9.424460649490356,[::ffff:1.245.179.140]:40628,reno,155
9.429834127426147,[::ffff:1.245.179.140]:40628,reno,156
9.435147523880005,[::ffff:1.245.179.140]:40628,reno,156
9.440498352050781,[::ffff:1.245.179.140]:40628,reno,156
9.445838451385498,[::ffff:1.245.179.140]:40628,reno,156
9.451183557510376,[::ffff:1.245.179.140]:40628,reno,156
9.456534147262573,[::ffff:1.245.179.140]:40628,reno,157
9.462007999420166,[::ffff:1.245.179.140]:40628,reno,157
9.467430353164673,[::ffff:1.245.179.140]:40628,reno,157
9.472730875015259,[::ffff:1.245.179.140]:40628,reno,157
9.478416919708252,[::ffff:1.245.179.140]:40628,reno,158
9.484029293060303,[::ffff:1.245.179.140]:40628,reno,158
9.489744424819946,[::ffff:1.245.179.140]:40628,reno,158
9.495201349258423,[::ffff:1.245.179.140]:40628,reno,159
9.500582695007324,[::ffff:1.245.179.140]:40628,reno,159
9.505915641784668,[::ffff:1.245.179.140]:40628,reno,159
9.511300086975098,[::ffff:1.245.179.140]:40628,reno,159
9.516846418380737,[::ffff:1.245.179.140]:40628,reno,159
9.522297620773315,[::ffff:1.245.179.140]:40628,reno,160
9.527709484100342,[::ffff:1.245.179.140]:40628,reno,160
9.533407211303711,[::ffff:1.245.179.140]:40628,reno,160
9.539084672927856,[::ffff:1.245.179.140]:40628,reno,160
9.544610023498535,[::ffff:1.245.179.140]:40628,reno,161
9.549990177154541,[::ffff:1.245.179.140]:40628,reno,161
9.555426597595215,[::ffff:1.245.179.140]:40628,reno,161
9.56089162826538,[::ffff:1.245.179.140]:40628,reno,161
9.566348791122437,[::ffff:1.245.179.140]:40628,reno,162
9.571750402450562,[::ffff:1.245.179.140]:40628,reno,162
9.57747745513916,[::ffff:1.245.179.140]:40628,reno,162
9.582841396331787,[::ffff:1.245.179.140]:40628,reno,162
9.588457107543945,[::ffff:1.245.179.140]:40628,reno,163
9.59376335144043,[::ffff:1.245.179.140]:40628,reno,163
9.59913444519043,[::ffff:1.245.179.140]:40628,reno,163
9.604981422424316,[::ffff:1.245.179.140]:40628,reno,163
9.610317945480347,[::ffff:1.245.179.140]:40628,reno,164
9.615718841552734,[::ffff:1.245.179.140]:40628,reno,164
9.621096849441528,[::ffff:1.245.179.140]:40628,reno,164
9.626561403274536,[::ffff:1.245.179.140]:40628,reno,164
9.632049560546875,[::ffff:1.245.179.140]:40628,reno,165
9.637606620788574,[::ffff:1.245.179.140]:40628,reno,165
9.643272161483765,[::ffff:1.245.179.140]:40628,reno,165
9.648476362228394,[::ffff:1.245.179.140]:40628,reno,165
9.654029846191406,[::ffff:1.245.179.140]:40628,reno,166
9.659538745880127,[::ffff:1.245.179.140]:40628,reno,166
9.664893388748169,[::ffff:1.245.179.140]:40628,reno,166
9.670084476470947,[::ffff:1.245.179.140]:40628,reno,166
9.675691843032837,[::ffff:1.245.179.140]:40628,reno,166
9.681146621704102,[::ffff:1.245.179.140]:40628,reno,167
9.686581134796143,[::ffff:1.245.179.140]:40628,reno,167
9.692128658294678,[::ffff:1.245.179.140]:40628,reno,167
9.697584629058838,[::ffff:1.245.179.140]:40628,reno,167
9.703121662139893,[::ffff:1.245.179.140]:40628,reno,168
9.708542585372925,[::ffff:1.245.179.140]:40628,reno,168
9.713927984237671,[::ffff:1.245.179.140]:40628,reno,168
9.719284057617188,[::ffff:1.245.179.140]:40628,reno,168
9.724551677703857,[::ffff:1.245.179.140]:40628,reno,168
9.72989273071289,[::ffff:1.245.179.140]:40628,reno,169
9.735501289367676,[::ffff:1.245.179.140]:40628,reno,169
9.740910530090332,[::ffff:1.245.179.140]:40628,reno,169
9.74635100364685,[::ffff:1.245.179.140]:40628,reno,170
9.75187611579895,[::ffff:1.245.179.140]:40628,reno,170
9.757367849349976,[::ffff:1.245.179.140]:40628,reno,170
9.76276707649231,[::ffff:1.245.179.140]:40628,reno,170
9.76817536354065,[::ffff:1.245.179.140]:40628,reno,170
9.773563385009766,[::ffff:1.245.179.140]:40628,reno,171
9.778926372528076,[::ffff:1.245.179.140]:40628,reno,171
9.784289121627808,[::ffff:1.245.179.140]:40628,reno,171
9.789635419845581,[::ffff:1.245.179.140]:40628,reno,171
9.795006513595581,[::ffff:1.245.179.140]:40628,reno,172
9.800357103347778,[::ffff:1.245.179.140]:40628,reno,172
9.805778741836548,[::ffff:1.245.179.140]:40628,reno,172
9.811395406723022,[::ffff:1.245.179.140]:40628,reno,172
9.816816568374634,[::ffff:1.245.179.140]:40628,reno,172
9.822287321090698,[::ffff:1.245.179.140]:40628,reno,173
9.827760934829712,[::ffff:1.245.179.140]:40628,reno,173
9.833200216293335,[::ffff:1.245.179.140]:40628,reno,173
9.838674068450928,[::ffff:1.245.179.140]:40628,reno,173
9.844058752059937,[::ffff:1.245.179.140]:40628,reno,174
9.84952688217163,[::ffff:1.245.179.140]:40628,reno,174
9.854819059371948,[::ffff:1.245.179.140]:40628,reno,174
9.860421419143677,[::ffff:1.245.179.140]:40628,reno,174
9.865819215774536,[::ffff:1.245.179.140]:40628,reno,174
9.871154546737671,[::ffff:1.245.179.140]:40628,reno,175
9.876469373703003,[::ffff:1.245.179.140]:40628,reno,175
9.881951093673706,[::ffff:1.245.179.140]:40628,reno,175
9.887438535690308,[::ffff:1.245.179.140]:40628,reno,175
9.892861127853394,[::ffff:1.245.179.140]:40628,reno,176
9.898324728012085,[::ffff:1.245.179.140]:40628,reno,176
9.903757572174072,[::ffff:1.245.179.140]:40628,reno,176
9.909274101257324,[::ffff:1.245.179.140]:40628,reno,176
9.914651155471802,[::ffff:1.245.179.140]:40628,reno,177
9.920269966125488,[::ffff:1.245.179.140]:40628,reno,177
9.925734281539917,[::ffff:1.245.179.140]:40628,reno,177
9.931129217147827,[::ffff:1.245.179.140]:40628,reno,177
9.936450004577637,[::ffff:1.245.179.140]:40628,reno,177
9.941860914230347,[::ffff:1.245.179.140]:40628,reno,178
9.947161197662354,[::ffff:1.245.179.140]:40628,reno,178
9.952543258666992,[::ffff:1.245.179.140]:40628,reno,178
9.958043336868286,[::ffff:1.245.179.140]:40628,reno,178
9.963510274887085,[::ffff:1.245.179.140]:40628,reno,178
9.968971729278564,[::ffff:1.245.179.140]:40628,reno,179
9.974390983581543,[::ffff:1.245.179.140]:40628,reno,179
9.979837656021118,[::ffff:1.245.179.140]:40628,reno,179
9.98544955253601,[::ffff:1.245.179.140]:40628,reno,179
9.991159677505493,[::ffff:1.245.179.140]:40628,reno,180
9.996599674224854,[::ffff:1.245.179.140]:40628,reno,180
10.001877784729004,[::ffff:1.245.179.140]:40628,reno,180
10.007436752319336,[::ffff:1.245.179.140]:40628,reno,180
10.01288628578186,[::ffff:1.245.179.140]:40628,reno,180
10.018357038497925,[::ffff:1.245.179.140]:40628,reno,181
10.023840188980103,[::ffff:1.245.179.140]:40628,reno,181
10.029186010360718,[::ffff:1.245.179.140]:40628,reno,181
10.034526824951172,[::ffff:1.245.179.140]:40628,reno,181
10.039933443069458,[::ffff:1.245.179.140]:40628,reno,182
10.045361280441284,[::ffff:1.245.179.140]:40628,reno,182
10.050796031951904,[::ffff:1.245.179.140]:40628,reno,182
10.056190490722656,[::ffff:1.245.179.140]:40628,reno,182
10.061770677566528,[::ffff:1.245.179.140]:40628,reno,182
10.067145109176636,[::ffff:1.245.179.140]:40628,reno,183
10.07256269454956,[::ffff:1.245.179.140]:40628,reno,183
10.078012704849243,[::ffff:1.245.179.140]:40628,reno,183
10.083512783050537,[::ffff:1.245.179.140]:40628,reno,183
10.08899974822998,[::ffff:1.245.179.140]:40628,reno,184
10.094544887542725,[::ffff:1.245.179.140]:40628,reno,184
10.100026607513428,[::ffff:1.245.179.140]:40628,reno,184
10.10552978515625,[::ffff:1.245.179.140]:40628,reno,184
10.1109139919281,[::ffff:1.245.179.140]:40628,reno,184
10.116408348083496,[::ffff:1.245.179.140]:40628,reno,185
10.121932744979858,[::ffff:1.245.179.140]:40628,reno,185
10.127418041229248,[::ffff:1.245.179.140]:40628,reno,185
10.133061408996582,[::ffff:1.245.179.140]:40628,reno,185
10.138441801071167,[::ffff:1.245.179.140]:40628,reno,185
10.143849611282349,[::ffff:1.245.179.140]:40628,reno,186
10.149401426315308,[::ffff:1.245.179.140]:40628,reno,186
10.15514874458313,[::ffff:1.245.179.140]:40628,reno,186
10.160545349121094,[::ffff:1.245.179.140]:40628,reno,186
10.165856122970581,[::ffff:1.245.179.140]:40628,reno,186
10.171255111694336,[::ffff:1.245.179.140]:40628,reno,187
10.176744937896729,[::ffff:1.245.179.140]:40628,reno,187
10.182136535644531,[::ffff:1.245.179.140]:40628,reno,187
10.187533140182495,[::ffff:1.245.179.140]:40628,reno,187
10.19296407699585,[::ffff:1.245.179.140]:40628,reno,187
10.198447465896606,[::ffff:1.245.179.140]:40628,reno,188
10.203872442245483,[::ffff:1.245.179.140]:40628,reno,188
10.209125518798828,[::ffff:1.245.179.140]:40628,reno,188
10.214462041854858,[::ffff:1.245.179.140]:40628,reno,188
10.219833850860596,[::ffff:1.245.179.140]:40628,reno,188
10.225178480148315,[::ffff:1.245.179.140]:40628,reno,189
10.230658054351807,[::ffff:1.245.179.140]:40628,reno,189
10.236571073532104,[::ffff:1.245.179.140]:40628,reno,189
10.24203085899353,[::ffff:1.245.179.140]:40628,reno,189
10.247579097747803,[::ffff:1.245.179.140]:40628,reno,190
10.252990007400513,[::ffff:1.245.179.140]:40628,reno,190
10.258474826812744,[::ffff:1.245.179.140]:40628,reno,190
10.264021873474121,[::ffff:1.245.179.140]:40628,reno,190
10.269404172897339,[::ffff:1.245.179.140]:40628,reno,190
10.274892568588257,[::ffff:1.245.179.140]:40628,reno,191
10.280335664749146,[::ffff:1.245.179.140]:40628,reno,191
10.2857186794281,[::ffff:1.245.179.140]:40628,reno,191
10.291091918945312,[::ffff:1.245.179.140]:40628,reno,191
10.29652714729309,[::ffff:1.245.179.140]:40628,reno,192
10.302162885665894,[::ffff:1.245.179.140]:40628,reno,192
10.307619571685791,[::ffff:1.245.179.140]:40628,reno,192
10.31313157081604,[::ffff:1.245.179.140]:40628,reno,192
10.318480730056763,[::ffff:1.245.179.140]:40628,reno,192
10.323759317398071,[::ffff:1.245.179.140]:40628,reno,192
10.329207181930542,[::ffff:1.245.179.140]:40628,reno,193
10.334577798843384,[::ffff:1.245.179.140]:40628,reno,193
10.340083837509155,[::ffff:1.245.179.140]:40628,reno,193
10.34546446800232,[::ffff:1.245.179.140]:40628,reno,193
10.350959300994873,[::ffff:1.245.179.140]:40628,reno,193
10.356439352035522,[::ffff:1.245.179.140]:40628,reno,194
10.362268686294556,[::ffff:1.245.179.140]:40628,reno,194
10.367584228515625,[::ffff:1.245.179.140]:40628,reno,194
10.372938394546509,[::ffff:1.245.179.140]:40628,reno,194
10.378319025039673,[::ffff:1.245.179.140]:40628,reno,195
10.383711576461792,[::ffff:1.245.179.140]:40628,reno,195
10.389006614685059,[::ffff:1.245.179.140]:40628,reno,195
10.394463777542114,[::ffff:1.245.179.140]:40628,reno,195
10.399848937988281,[::ffff:1.245.179.140]:40628,reno,195
10.405310153961182,[::ffff:1.245.179.140]:40628,reno,196
10.410770654678345,[::ffff:1.245.179.140]:40628,reno,196
10.416171550750732,[::ffff:1.245.179.140]:40628,reno,196
10.421725749969482,[::ffff:1.245.179.140]:40628,reno,196
10.42719054222107,[::ffff:1.245.179.140]:40628,reno,196
10.432628870010376,[::ffff:1.245.179.140]:40628,reno,197
10.437981843948364,[::ffff:1.245.179.140]:40628,reno,197
10.443453788757324,[::ffff:1.245.179.140]:40628,reno,197
10.448876857757568,[::ffff:1.245.179.140]:40628,reno,197
10.454211950302124,[::ffff:1.245.179.140]:40628,reno,197
10.459707498550415,[::ffff:1.245.179.140]:40628,reno,198
10.465012311935425,[::ffff:1.245.179.140]:40628,reno,198
10.470401525497437,[::ffff:1.245.179.140]:40628,reno,198
10.475785493850708,[::ffff:1.245.179.140]:40628,reno,198
10.481140613555908,[::ffff:1.245.179.140]:40628,reno,198
10.48682427406311,[::ffff:1.245.179.140]:40628,reno,199
10.492234230041504,[::ffff:1.245.179.140]:40628,reno,199
10.49761176109314,[::ffff:1.245.179.140]:40628,reno,199
10.503082513809204,[::ffff:1.245.179.140]:40628,reno,199
10.50845742225647,[::ffff:1.245.179.140]:40628,reno,199
10.513898849487305,[::ffff:1.245.179.140]:40628,reno,200
10.519438743591309,[::ffff:1.245.179.140]:40628,reno,200
10.52481722831726,[::ffff:1.245.179.140]:40628,reno,200
10.530251741409302,[::ffff:1.245.179.140]:40628,reno,200
10.535776615142822,[::ffff:1.245.179.140]:40628,reno,200
10.541298866271973,[::ffff:1.245.179.140]:40628,reno,200
10.546880960464478,[::ffff:1.245.179.140]:40628,reno,201
10.552333354949951,[::ffff:1.245.179.140]:40628,reno,201
10.55774474143982,[::ffff:1.245.179.140]:40628,reno,201
10.563264608383179,[::ffff:1.245.179.140]:40628,reno,201
10.568797826766968,[::ffff:1.245.179.140]:40628,reno,201
10.574231147766113,[::ffff:1.245.179.140]:40628,reno,202
10.579758644104004,[::ffff:1.245.179.140]:40628,reno,202
10.585350513458252,[::ffff:1.245.179.140]:40628,reno,202
10.590891122817993,[::ffff:1.245.179.140]:40628,reno,202
10.596386194229126,[::ffff:1.245.179.140]:40628,reno,202
10.601913452148438,[::ffff:1.245.179.140]:40628,reno,203
10.607528448104858,[::ffff:1.245.179.140]:40628,reno,203
10.613480567932129,[::ffff:1.245.179.140]:40628,reno,203
10.618888854980469,[::ffff:1.245.179.140]:40628,reno,203
10.62427806854248,[::ffff:1.245.179.140]:40628,reno,203
10.629751682281494,[::ffff:1.245.179.140]:40628,reno,204
10.635140895843506,[::ffff:1.245.179.140]:40628,reno,204
10.640627145767212,[::ffff:1.245.179.140]:40628,reno,204
10.646076679229736,[::ffff:1.245.179.140]:40628,reno,204
10.651509046554565,[::ffff:1.245.179.140]:40628,reno,204
10.656936883926392,[::ffff:1.245.179.140]:40628,reno,205
10.662523984909058,[::ffff:1.245.179.140]:40628,reno,205
10.667950868606567,[::ffff:1.245.179.140]:40628,reno,205
10.673399448394775,[::ffff:1.245.179.140]:40628,reno,205
10.678779363632202,[::ffff:1.245.179.140]:40628,reno,205
10.684210062026978,[::ffff:1.245.179.140]:40628,reno,206
10.689695358276367,[::ffff:1.245.179.140]:40628,reno,206
10.695382356643677,[::ffff:1.245.179.140]:40628,reno,206
10.700919151306152,[::ffff:1.245.179.140]:40628,reno,206
10.706387996673584,[::ffff:1.245.179.140]:40628,reno,206
10.711886882781982,[::ffff:1.245.179.140]:40628,reno,207
10.717374324798584,[::ffff:1.245.179.140]:40628,reno,207
10.722943782806396,[::ffff:1.245.179.140]:40628,reno,207
10.728314399719238,[::ffff:1.245.179.140]:40628,reno,207
10.733770370483398,[::ffff:1.245.179.140]:40628,reno,207
10.739187717437744,[::ffff:1.245.179.140]:40628,reno,207
10.744588613510132,[::ffff:1.245.179.140]:40628,reno,208
10.7499840259552,[::ffff:1.245.179.140]:40628,reno,208
10.755511999130249,[::ffff:1.245.179.140]:40628,reno,208
10.760895729064941,[::ffff:1.245.179.140]:40628,reno,208
10.766338109970093,[::ffff:1.245.179.140]:40628,reno,208
10.771896600723267,[::ffff:1.245.179.140]:40628,reno,209
10.777329921722412,[::ffff:1.245.179.140]:40628,reno,209
10.782817363739014,[::ffff:1.245.179.140]:40628,reno,209
10.788177967071533,[::ffff:1.245.179.140]:40628,reno,209
10.793618440628052,[::ffff:1.245.179.140]:40628,reno,209
10.798935413360596,[::ffff:1.245.179.140]:40628,reno,210
10.804344415664673,[::ffff:1.245.179.140]:40628,reno,210
10.809715509414673,[::ffff:1.245.179.140]:40628,reno,210
10.815159797668457,[::ffff:1.245.179.140]:40628,reno,210
10.820608615875244,[::ffff:1.245.179.140]:40628,reno,210
10.825931787490845,[::ffff:1.245.179.140]:40628,reno,211
10.831462383270264,[::ffff:1.245.179.140]:40628,reno,211
10.8367760181427,[::ffff:1.245.179.140]:40628,reno,211
10.842175245285034,[::ffff:1.245.179.140]:40628,reno,211
10.847587823867798,[::ffff:1.245.179.140]:40628,reno,211
10.852993488311768,[::ffff:1.245.179.140]:40628,reno,211
10.858541250228882,[::ffff:1.245.179.140]:40628,reno,212
10.864333868026733,[::ffff:1.245.179.140]:40628,reno,212
10.869801998138428,[::ffff:1.245.179.140]:40628,reno,212
10.875178813934326,[::ffff:1.245.179.140]:40628,reno,212
10.880821228027344,[::ffff:1.245.179.140]:40628,reno,212
10.886158466339111,[::ffff:1.245.179.140]:40628,reno,212
10.89161467552185,[::ffff:1.245.179.140]:40628,reno,213
10.896994352340698,[::ffff:1.245.179.140]:40628,reno,213
10.902450323104858,[::ffff:1.245.179.140]:40628,reno,213
10.907860040664673,[::ffff:1.245.179.140]:40628,reno,213
10.91322374343872,[::ffff:1.245.179.140]:40628,reno,213
10.91882586479187,[::ffff:1.245.179.140]:40628,reno,214
10.924378156661987,[::ffff:1.245.179.140]:40628,reno,214
10.929823160171509,[::ffff:1.245.179.140]:40628,reno,214
10.935288906097412,[::ffff:1.245.179.140]:40628,reno,214
10.94079065322876,[::ffff:1.245.179.140]:40628,reno,214
10.946246147155762,[::ffff:1.245.179.140]:40628,reno,215
10.951582908630371,[::ffff:1.245.179.140]:40628,reno,215
10.956963777542114,[::ffff:1.245.179.140]:40628,reno,215
10.962326288223267,[::ffff:1.245.179.140]:40628,reno,215
10.967712640762329,[::ffff:1.245.179.140]:40628,reno,215
10.973115921020508,[::ffff:1.245.179.140]:40628,reno,216
10.978528261184692,[::ffff:1.245.179.140]:40628,reno,216
10.983929634094238,[::ffff:1.245.179.140]:40628,reno,216
10.989534616470337,[::ffff:1.245.179.140]:40628,reno,216
10.995007991790771,[::ffff:1.245.179.140]:40628,reno,216
11.00050163269043,[::ffff:1.245.179.140]:40628,reno,216
11.005880117416382,[::ffff:1.245.179.140]:40628,reno,217
11.011258125305176,[::ffff:1.245.179.140]:40628,reno,217
11.016671895980835,[::ffff:1.245.179.140]:40628,reno,217
11.022038221359253,[::ffff:1.245.179.140]:40628,reno,217
11.027624368667603,[::ffff:1.245.179.140]:40628,reno,217
11.033050060272217,[::ffff:1.245.179.140]:40628,reno,217
11.038427114486694,[::ffff:1.245.179.140]:40628,reno,218
11.04374361038208,[::ffff:1.245.179.140]:40628,reno,218
11.0492262840271,[::ffff:1.245.179.140]:40628,reno,218
11.054717063903809,[::ffff:1.245.179.140]:40628,reno,218
11.060081720352173,[::ffff:1.245.179.140]:40628,reno,218
11.065640687942505,[::ffff:1.245.179.140]:40628,reno,219
11.071041584014893,[::ffff:1.245.179.140]:40628,reno,219
11.07644009590149,[::ffff:1.245.179.140]:40628,reno,219
11.081876754760742,[::ffff:1.245.179.140]:40628,reno,219
11.087239265441895,[::ffff:1.245.179.140]:40628,reno,219
11.092775821685791,[::ffff:1.245.179.140]:40628,reno,219
11.098208904266357,[::ffff:1.245.179.140]:40628,reno,220
11.103581190109253,[::ffff:1.245.179.140]:40628,reno,220
11.10888957977295,[::ffff:1.245.179.140]:40628,reno,220
11.114516019821167,[::ffff:1.245.179.140]:40628,reno,220
11.119890213012695,[::ffff:1.245.179.140]:40628,reno,220
11.125211715698242,[::ffff:1.245.179.140]:40628,reno,221
11.130581140518188,[::ffff:1.245.179.140]:40628,reno,221
11.136059999465942,[::ffff:1.245.179.140]:40628,reno,221
11.141427040100098,[::ffff:1.245.179.140]:40628,reno,221
11.14688754081726,[::ffff:1.245.179.140]:40628,reno,221
11.152241468429565,[::ffff:1.245.179.140]:40628,reno,221
11.157662153244019,[::ffff:1.245.179.140]:40628,reno,222
11.163048505783081,[::ffff:1.245.179.140]:40628,reno,222
11.168453931808472,[::ffff:1.245.179.140]:40628,reno,222
11.17390489578247,[::ffff:1.245.179.140]:40628,reno,222
11.179224252700806,[::ffff:1.245.179.140]:40628,reno,222
11.184576034545898,[::ffff:1.245.179.140]:40628,reno,222
11.189974308013916,[::ffff:1.245.179.140]:40628,reno,223
11.195406198501587,[::ffff:1.245.179.140]:40628,reno,223
11.200769662857056,[::ffff:1.245.179.140]:40628,reno,223
11.206236362457275,[::ffff:1.245.179.140]:40628,reno,223
11.2117178440094,[::ffff:1.245.179.140]:40628,reno,207
11.217089891433716,[::ffff:1.245.179.140]:40628,reno,196
11.222484350204468,[::ffff:1.245.179.140]:40628,reno,172
11.227882385253906,[::ffff:1.245.179.140]:40628,reno,152
11.23325777053833,[::ffff:1.245.179.140]:40628,reno,139
11.238731384277344,[::ffff:1.245.179.140]:40628,reno,115
11.244503498077393,[::ffff:1.245.179.140]:40628,reno,111
11.250156164169312,[::ffff:1.245.179.140]:40628,reno,111
11.255574464797974,[::ffff:1.245.179.140]:40628,reno,111
11.261106014251709,[::ffff:1.245.179.140]:40628,reno,112
11.26650357246399,[::ffff:1.245.179.140]:40628,reno,112
11.27196741104126,[::ffff:1.245.179.140]:40628,reno,113
11.27750563621521,[::ffff:1.245.179.140]:40628,reno,113
11.282912015914917,[::ffff:1.245.179.140]:40628,reno,113
11.288354873657227,[::ffff:1.245.179.140]:40628,reno,114
11.29377794265747,[::ffff:1.245.179.140]:40628,reno,114
11.299232482910156,[::ffff:1.245.179.140]:40628,reno,114
11.30454421043396,[::ffff:1.245.179.140]:40628,reno,114
11.309940099716187,[::ffff:1.245.179.140]:40628,reno,115
11.315465688705444,[::ffff:1.245.179.140]:40628,reno,115
11.320761680603027,[::ffff:1.245.179.140]:40628,reno,116
11.32616138458252,[::ffff:1.245.179.140]:40628,reno,116
11.331594705581665,[::ffff:1.245.179.140]:40628,reno,116
11.336922407150269,[::ffff:1.245.179.140]:40628,reno,117
11.342289924621582,[::ffff:1.245.179.140]:40628,reno,117
11.347707271575928,[::ffff:1.245.179.140]:40628,reno,117
11.353009700775146,[::ffff:1.245.179.140]:40628,reno,118
11.358460903167725,[::ffff:1.245.179.140]:40628,reno,118
11.364254236221313,[::ffff:1.245.179.140]:40628,reno,118
11.369713306427002,[::ffff:1.245.179.140]:40628,reno,118
11.375053405761719,[::ffff:1.245.179.140]:40628,reno,119
11.380491018295288,[::ffff:1.245.179.140]:40628,reno,119
11.385708808898926,[::ffff:1.245.179.140]:40628,reno,119
11.391191959381104,[::ffff:1.245.179.140]:40628,reno,120
11.396547794342041,[::ffff:1.245.179.140]:40628,reno,120
11.401999235153198,[::ffff:1.245.179.140]:40628,reno,121
11.407294034957886,[::ffff:1.245.179.140]:40628,reno,121
11.412746906280518,[::ffff:1.245.179.140]:40628,reno,121
11.418160200119019,[::ffff:1.245.179.140]:40628,reno,122
11.423600435256958,[::ffff:1.245.179.140]:40628,reno,122
11.428942441940308,[::ffff:1.245.179.140]:40628,reno,122
11.434404373168945,[::ffff:1.245.179.140]:40628,reno,122
11.439746618270874,[::ffff:1.245.179.140]:40628,reno,123
11.445199728012085,[::ffff:1.245.179.140]:40628,reno,123
11.45063591003418,[::ffff:1.245.179.140]:40628,reno,123
11.456021547317505,[::ffff:1.245.179.140]:40628,reno,124
11.461368799209595,[::ffff:1.245.179.140]:40628,reno,124
11.466740608215332,[::ffff:1.245.179.140]:40628,reno,124
11.472140312194824,[::ffff:1.245.179.140]:40628,reno,125
11.477395057678223,[::ffff:1.245.179.140]:40628,reno,125
11.482728719711304,[::ffff:1.245.179.140]:40628,reno,125
11.488477230072021,[::ffff:1.245.179.140]:40628,reno,126
11.493798017501831,[::ffff:1.245.179.140]:40628,reno,126
11.499115705490112,[::ffff:1.245.179.140]:40628,reno,126
11.504544973373413,[::ffff:1.245.179.140]:40628,reno,127
11.509970903396606,[::ffff:1.245.179.140]:40628,reno,127
11.515427827835083,[::ffff:1.245.179.140]:40628,reno,127
11.520809412002563,[::ffff:1.245.179.140]:40628,reno,127
11.52624773979187,[::ffff:1.245.179.140]:40628,reno,128
11.53157925605774,[::ffff:1.245.179.140]:40628,reno,128
11.537036180496216,[::ffff:1.245.179.140]:40628,reno,128
11.542428255081177,[::ffff:1.245.179.140]:40628,reno,129
11.547760725021362,[::ffff:1.245.179.140]:40628,reno,129
11.553122282028198,[::ffff:1.245.179.140]:40628,reno,129
11.558480739593506,[::ffff:1.245.179.140]:40628,reno,129
11.56390380859375,[::ffff:1.245.179.140]:40628,reno,130
11.569368362426758,[::ffff:1.245.179.140]:40628,reno,130
11.574726581573486,[::ffff:1.245.179.140]:40628,reno,130
11.58015775680542,[::ffff:1.245.179.140]:40628,reno,131
11.585515975952148,[::ffff:1.245.179.140]:40628,reno,131
11.590931177139282,[::ffff:1.245.179.140]:40628,reno,131
11.596310377120972,[::ffff:1.245.179.140]:40628,reno,132
11.601816892623901,[::ffff:1.245.179.140]:40628,reno,132
11.607287406921387,[::ffff:1.245.179.140]:40628,reno,132
11.61312222480774,[::ffff:1.245.179.140]:40628,reno,133
11.618540525436401,[::ffff:1.245.179.140]:40628,reno,133
11.623932123184204,[::ffff:1.245.179.140]:40628,reno,133
11.62932300567627,[::ffff:1.245.179.140]:40628,reno,133
11.634635925292969,[::ffff:1.245.179.140]:40628,reno,134
11.639977216720581,[::ffff:1.245.179.140]:40628,reno,134
11.645351648330688,[::ffff:1.245.179.140]:40628,reno,134
11.65075945854187,[::ffff:1.245.179.140]:40628,reno,135
11.656189203262329,[::ffff:1.245.179.140]:40628,reno,135
11.661569595336914,[::ffff:1.245.179.140]:40628,reno,135
11.666945934295654,[::ffff:1.245.179.140]:40628,reno,135
11.672393321990967,[::ffff:1.245.179.140]:40628,reno,136
11.677837133407593,[::ffff:1.245.179.140]:40628,reno,136
11.683197498321533,[::ffff:1.245.179.140]:40628,reno,136
11.688607454299927,[::ffff:1.245.179.140]:40628,reno,137
11.69398307800293,[::ffff:1.245.179.140]:40628,reno,137
11.699436902999878,[::ffff:1.245.179.140]:40628,reno,137
11.704769849777222,[::ffff:1.245.179.140]:40628,reno,138
11.710304021835327,[::ffff:1.245.179.140]:40628,reno,138
11.715727806091309,[::ffff:1.245.179.140]:40628,reno,138
11.7211594581604,[::ffff:1.245.179.140]:40628,reno,138
11.726598024368286,[::ffff:1.245.179.140]:40628,reno,139
11.73199462890625,[::ffff:1.245.179.140]:40628,reno,139
11.73739504814148,[::ffff:1.245.179.140]:40628,reno,139
11.742807865142822,[::ffff:1.245.179.140]:40628,reno,139
11.748131513595581,[::ffff:1.245.179.140]:40628,reno,140
11.75350832939148,[::ffff:1.245.179.140]:40628,reno,140
11.75894832611084,[::ffff:1.245.179.140]:40628,reno,140
11.764498949050903,[::ffff:1.245.179.140]:40628,reno,141
11.769944906234741,[::ffff:1.245.179.140]:40628,reno,141
11.775409460067749,[::ffff:1.245.179.140]:40628,reno,141
11.780875444412231,[::ffff:1.245.179.140]:40628,reno,141
11.786251544952393,[::ffff:1.245.179.140]:40628,reno,142
11.79180121421814,[::ffff:1.245.179.140]:40628,reno,142
11.797183275222778,[::ffff:1.245.179.140]:40628,reno,142
11.802543640136719,[::ffff:1.245.179.140]:40628,reno,143
11.808018445968628,[::ffff:1.245.179.140]:40628,reno,143
11.813446998596191,[::ffff:1.245.179.140]:40628,reno,143
11.818908214569092,[::ffff:1.245.179.140]:40628,reno,143
11.824239492416382,[::ffff:1.245.179.140]:40628,reno,144
11.829575061798096,[::ffff:1.245.179.140]:40628,reno,144
11.83507251739502,[::ffff:1.245.179.140]:40628,reno,144
11.840399503707886,[::ffff:1.245.179.140]:40628,reno,145
11.845741271972656,[::ffff:1.245.179.140]:40628,reno,145
11.851101398468018,[::ffff:1.245.179.140]:40628,reno,145
11.856447458267212,[::ffff:1.245.179.140]:40628,reno,145
11.861808061599731,[::ffff:1.245.179.140]:40628,reno,146
11.867178678512573,[::ffff:1.245.179.140]:40628,reno,146
11.872509002685547,[::ffff:1.245.179.140]:40628,reno,146
11.877932786941528,[::ffff:1.245.179.140]:40628,reno,146
11.883322715759277,[::ffff:1.245.179.140]:40628,reno,147
11.888756036758423,[::ffff:1.245.179.140]:40628,reno,147
11.894155979156494,[::ffff:1.245.179.140]:40628,reno,147
11.899583339691162,[::ffff:1.245.179.140]:40628,reno,147
11.904925107955933,[::ffff:1.245.179.140]:40628,reno,148
11.910371541976929,[::ffff:1.245.179.140]:40628,reno,148
11.915786504745483,[::ffff:1.245.179.140]:40628,reno,148
11.921306371688843,[::ffff:1.245.179.140]:40628,reno,148
11.926747798919678,[::ffff:1.245.179.140]:40628,reno,149
11.932139873504639,[::ffff:1.245.179.140]:40628,reno,149
11.937638998031616,[::ffff:1.245.179.140]:40628,reno,149
11.94304871559143,[::ffff:1.245.179.140]:40628,reno,149
11.948515176773071,[::ffff:1.245.179.140]:40628,reno,150
11.954053163528442,[::ffff:1.245.179.140]:40628,reno,150
11.959570407867432,[::ffff:1.245.179.140]:40628,reno,150
11.965049028396606,[::ffff:1.245.179.140]:40628,reno,150
11.970600843429565,[::ffff:1.245.179.140]:40628,reno,151
11.97616958618164,[::ffff:1.245.179.140]:40628,reno,151
11.981570482254028,[::ffff:1.245.179.140]:40628,reno,151
11.987109899520874,[::ffff:1.245.179.140]:40628,reno,152
11.992859125137329,[::ffff:1.245.179.140]:40628,reno,152
11.99829626083374,[::ffff:1.245.179.140]:40628,reno,152
12.003787517547607,[::ffff:1.245.179.140]:40628,reno,152
